COD;DESCRIP;ACCIONF;UNIDAD;CODLAB;NETO;MARCA;CODBAR;UNIENT;CAN_ING;CAN_IN2;VALCOM;FECHA;VENCE;CONTEN;CLIENTE;MODIFICA;PABE;MINIMO;MAX;STOCK;SW_TIPO;SW_TIPO2;novigente;id;
V000006;ACTIVIDADES RECREATIVAS Y FEST;SIN ACCION FARMACOLO;UNID;;2000;;;;4971;0;0;1899-12-30 00:00:00;1899-12-30 00:00:00;0;;;;0;0;;;;;570;
VR10000;ALMUERZO EXTRA;OTROS NO AFECTO A IV;UNID;;1040;;;;0;0;0;1899-12-30 00:00:00;1899-12-30 00:00:00;0;;;;0;0;;;;;571;
FK59901;ALPRAZOLAM 0,5MG X 30COMP;ANTISICOTICO;CAJA;;1000;;7,80006E+12;CAJA;7;0;400;1899-12-30 00:00:00;1899-12-30 00:00:00;1;;;;2;5;;;;;572;
FA31316;COLMAX 125 MGS;ANALGESICO;CAJA;;4635;;;;3;0;0;1899-12-30 00:00:00;1899-12-30 00:00:00;0;;;;0;0;;;;;573;
FB99903;AMITRIPTILINA 25MG. .;ANTIDEPRESIVO;COMP;;20;;7,80001E+12;CAJA;20;0;7;1899-12-30 00:00:00;1899-12-30 00:00:00;100;;;;100;400;;;;;574;
FB49907;AMOXICILINA 500;ANTIBIOTERAPIA;COMP;;120;;7,80006E+12;CAJA;581;0;48;1899-12-30 00:00:00;1899-12-30 00:00:00;12;;;;50;150;;;;;575;
FB94800;LANSOPRAZOL 30 MGS;REGULADOR DIGESTIVO;CAJA;;4140;;7,80006E+12;CAJA;10;0;45;1899-12-30 00:00:00;1899-12-30 00:00:00;30;;;;0;0;;;;;576;
FA30402;ASPIRINA 500MG;ANALGESICO;COMP;;70;;7,79364E+12;CAJA;40;0;15;1899-12-30 00:00:00;1899-12-30 00:00:00;30;;;;501;100;;;;;577;
FA30401;ASPIRINA PED 100MG;ANALGESICO;COMP;;62;;7,79364E+12;CAJA;40;0;10;1899-12-30 00:00:00;1899-12-30 00:00:00;1000;;;;500;2000;;;;;578;
FD45000;ATENOLOL 50MG.;ANTIHIPERTENSIVO;COMP;;19;;7,80001E+12;CAJA;125;0;9;1899-12-30 00:00:00;1899-12-30 00:00:00;20;;;;100;400;;;;;579;
FC61300;ATROPINA AMPOLLA 1ML;ANTIESPASMODICO;AMP;;100;;7,80006E+12;CAJA;149;0;90;1899-12-30 00:00:00;1899-12-30 00:00:00;100;;;;50;100;;;;;580;
FF20901;BERODUAL  SOLUCION X 20ML;ANTIASMATICO;FCO;;20000;;7,89603E+12;FCO;0;0;14360;1899-12-30 00:00:00;1899-12-30 00:00:00;1;;;;0;0;;;;;581;
FA31317;BROMAZEPAM 3MG X 30COMP;ANALGESICO;CAJA.;;600;;;;0;0;0;1899-12-30 00:00:00;1899-12-30 00:00:00;0;;;;0;0;;;;;582;
FE71301;DICOMEX 25 mgs  x10  COMP;ANTISICOTICO;CAJA;;7500;;7,80001E+12;CAJA;44;0;0;1899-12-30 00:00:00;1899-12-30 00:00:00;1;;;;0;0;;;;;583;
FD80702;CADE 300 MG;ANTIMANIACO;UNID.;;167;;7,80877E+12;CAJA;80;0;49920;1899-12-30 00:00:00;1899-12-30 00:00:00;60;;;;0;0;;;;;584;
FC49903;CARBAMAZEPINA 200MG..;ANTIEPILEPTICO;COMP;;350;;;CAJA;314;0;22;1899-12-30 00:00:00;1899-12-30 00:00:00;1000;;;;800;2000;;;;;585;
FF64000;VIT C;VITAMINOTERAPIA;CAJA;;2950;;7,80002E+12;CAJA;0;0;2950;1899-12-30 00:00:00;1899-12-30 00:00:00;1;;;;0;0;;;;;586;
FA51301;PASTA LASAR 50GR;HUMECTANTE PROTECTOR PIEL;POTE;;1650;;7,80001E+12;POTE;3;0;800;1899-12-30 00:00:00;1899-12-30 00:00:00;1;;;;5;10;;;;;587;
FL31304;LARGACTIL 100 MGS X 20 COMP;NEUROLEPTICO;CAJA;;5500;;2092188;CAJA;13;0;3500;1899-12-30 00:00:00;1899-12-30 00:00:00;1;;;;50;100;;;;;588;
FL31302;CISORDINOL DEPOT;ANTISICOTICO;CAJA;;30920;;7,80001E+12;CAJA;5;0;15465;1899-12-30 00:00:00;1899-12-30 00:00:00;1;;;;5;20;;;;;589;
FB41317;CLOXACILINA 500 MG.;ANTIBIOTERAPIA;COMP;;113;;;CAJA;47;0;63;1899-12-30 00:00:00;1899-12-30 00:00:00;12;;;;100;300;;;;;590;
FK59001;SPIRON 3 MG COMP;ANTISICOTICO;COMP;;699;;7,8001E+12;CAJA;737;0;35;1899-12-30 00:00:00;1899-12-30 00:00:00;30;;;;0;0;;;;;591;
FK52800;SPIRON GOTAS;ANTISICOTICO;FRASC;;27051;;7,8001E+12;FCO;1;0;12259;1899-12-30 00:00:00;1899-12-30 00:00:00;1;;;;0;0;;;;;592;
FL31307;DIAZEPAM AMPOLLA 2ML;TRANQUILIZANTE;AMPO;;173;;7,80006E+12;CAJA;175;0;70;1899-12-30 00:00:00;1899-12-30 00:00:00;100;;;;20;500;;;;;593;
FE61309;SEPTRIN FORTE;ANTISEPTICO;CAJA;;17235;;;;0;0;0;1899-12-30 00:00:00;1899-12-30 00:00:00;0;;;;0;0;;;;;594;
FL31314;DIAZEPAN 10MG. X20COMP.;TRANQUILIZANTE;CAJA;;1000;;;CAJA;100;0;300;1899-12-30 00:00:00;1899-12-30 00:00:00;1;;;;50;100;;;;;595;
FA31304;ASICOT 25;ANALGESICO;COMP;;590;;7,80001E+12;CAJA;905;0;8;1899-12-30 00:00:00;1899-12-30 00:00:00;10;;;;0;0;;;;;596;
FD61306;DICLOFENACO 75MG AMP;ANTIINFLAMATORIO;AMP;;510;;7,80006E+12;CAJA;236;0;156;1899-12-30 00:00:00;1899-12-30 00:00:00;100;;;;100;300;;;;;597;
FA81301;DISULFIRANO 500MG;ANTIALCOHOLICO;COMP;;45250;;7,80001E+12;CAJA;1;0;0;1899-12-30 00:00:00;1899-12-30 00:00:00;24;;;;0;0;;;;;598;
FC61306;PANOS CLINICOS ESTERILES;ANTIESPASMODICO;UNID;;900;;7,80001E+12;UNID;11;0;590;1899-12-30 00:00:00;1899-12-30 00:00:00;1;;;;0;0;;;;;599;
FH14203;DORMONID 15MG.X 30 COMP.;HIPNOTICO;CAJA;;27500;;;CAJA;16;0;14180;1899-12-30 00:00:00;1899-12-30 00:00:00;1;;;;20;30;;;;;600;
FH80802;DROPERIDOL 5MG.  2ML. .;NEUROLEPTICO;AMP;;1400;;7,80006E+12;CAJA;21;0;600;1899-12-30 00:00:00;1899-12-30 00:00:00;20;;;;30;70;;;;;601;
FB8135.;FENITOINA SOD. 100MG;ANTIEPILEPTICO;COMP;13;65;;;CAJA;30;0;12;1899-12-30 00:00:00;1899-12-30 00:00:00;30;;;;300;600;;;;;602;
FH64000;FLEET ENEMA FRAS  X 133ML;LAXANTE;FCO;;3600;;7,80516E+12;FCO;19;0;2220;1899-12-30 00:00:00;1899-12-30 00:00:00;1;;;;0;30;;;;;603;
FH80800;FLUFENAZINA 250MG X 10ML 0.25;NEUROLEPTICO;FCO;;600;;8,00061E+11;FCO;135;0;11500;1899-12-30 00:00:00;1899-12-30 00:00:00;1;;;;200;200;;;;;604;
FL31308;NEXIUM 40;TRANQUILIZANTE;COMP;;1260;;7,80001E+12;CAJA;0;0;19;1899-12-30 00:00:00;1899-12-30 00:00:00;30;;;;0;0;;;;;605;
FB99902;FLUOXETINA 20MGG;ANTIDEPRESIVO;COMP;;35;;7,80006E+12;CAJA;5;0;8;1899-12-30 00:00:00;1899-12-30 00:00:00;20;;;;1;0;;;;;606;
FH21301;GLIBENCLAMIDA 5MG.;HIPOGLICEMIANTE;COMP;;20;;7,80001E+12;CAJA;90;0;4;1899-12-30 00:00:00;1899-12-30 00:00:00;30;;;;300;700;;;;;607;
FH84001;HALOPERIDOL 5MG;NEUROLEPTICO;COMP;;240;;7,80001E+12;CAJA;-371;0;70;1899-12-30 00:00:00;1899-12-30 00:00:00;1000;;;;1000;2000;;;;;608;
FG05001;HIDROCLOROTIAZIDA 50MG;DIURETICO;COMP;;72;;7,80004E+12;CAJA;2746;0;10;1899-12-30 00:00:00;1899-12-30 00:00:00;1000;;;;1000;1500;;;;;609;
FA63801;DICLOFENACO 25MG;ANTIACIDO;COMPR;;30;;7,80003E+12;CAJA;0;0;11;1899-12-30 00:00:00;1899-12-30 00:00:00;20;;;;0;0;;;;;610;
FD63802;IBUPROFENO 400MG;ANTIINFLAMATORIO;COMP;;60;;;CAJA;171;0;11;1899-12-30 00:00:00;1899-12-30 00:00:00;10;;;;40;100;;;;;611;
FH48700;BRIMOPRESS COLIRIO;ANTIGLAUCOMATOSO;FCO;;24070;;7,80003E+12;FCO;2;0;0;1899-12-30 00:00:00;1899-12-30 00:00:00;1;;;;0;0;;;;;612;
FB91308;IMIPRAMINA 25MG;ANTIDEPRESIVO;COMP;;40;;7,80001E+12;CAJA;360;0;14;1899-12-30 00:00:00;1899-12-30 00:00:00;60;;;;700;1500;;;;;613;
U000001;LAVADO DE ROPA;SIN ACCION FARMACOLO;UNID.;;10000;;;;0;0;0;1899-12-30 00:00:00;1899-12-30 00:00:00;0;;;;0;0;;;;;614;
FH41300;HIPOGLUGIN 500MG;HIPOGLICEMIANTE;CAJA;;6300;;7,80001E+12;CAJA;4;0;4199;1899-12-30 00:00:00;1899-12-30 00:00:00;1;;;;0;0;;;;;615;
FL31312;RAZEPAM 2 MG.X 30 COMP.;TRANQUILIZANTE;CAJA;;1000;;7,80001E+12;CAJA;20;0;7;1899-12-30 00:00:00;1899-12-30 00:00:00;1000;;;;0;0;;;;;616;
FL30800;LORAZEPAM 4MG AMPO X100 X2ML;ANSIOLITICO;AMP;;2200;;7,80006E+12;CAJA;4;0;1210;1899-12-30 00:00:00;1899-12-30 00:00:00;100;;;;0;300;;;;;617;
FC31301;LLAVE TRES PASOS;ANTIEMETICO;UNIDA;;1100;;7,80001E+12;CAJA;0;0;8;1899-12-30 00:00:00;1899-12-30 00:00:00;24;;;;0;0;;;;;618;
FB11301;NIFEDIPINO  10MG;ANTIANGINOSO;COMP;;21;;7,80001E+12;CAJA;10;0;0;1899-12-30 00:00:00;1899-12-30 00:00:00;32;;;;0;0;;;;;619;
FE84001;OMEPRAZOL 20 MG.;ANTIULCEROSO;CAPS;;80;;;CAJA;-25;0;23;1899-12-30 00:00:00;1899-12-30 00:00:00;1000;;;;1500;2500;;;;;620;
FC49708;OXICODAL 600MG.30COM;ANTICONVULSIVANTE;CAJA;;53890;;;CAJA;2;0;0;1899-12-30 00:00:00;1899-12-30 00:00:00;1;;;;0;0;;;;;621;
FA31300;PARACETAMOL 500MG. COMP;ANALGESICO;COMP;;25;;7,80001E+12;CAJA;2880;0;10;1899-12-30 00:00:00;1899-12-30 00:00:00;1000;;;;1500;2000;;;;;622;
FB43801;PIRIDOXINA 100 MGS;VITAMINOTERAPIA;AMP;;250;;7,80003E+12;CAJA;189;0;70;1899-12-30 00:00:00;1899-12-30 00:00:00;100;;;;200;400;;;;;623;
FL01300;PENICILINA BENZATINA;PENICILINOTERAPIA;FCO;;890;;7,80001E+12;FCO;1;0;254;1899-12-30 00:00:00;1899-12-30 00:00:00;1;;;;0;0;;;;;624;
FB96301;SERTRALINA 50MG.;ANTIDEPRESIVO;COMP;;150;;7,80002E+12;CAJA;0;0;20;1899-12-30 00:00:00;1899-12-30 00:00:00;30;;;;300;600;;;;;625;
FD41302;PROPRANOLOL 10 MG;ANTIARRITMICO;COMP;;20;;7,80003E+12;CAJA;-40;0;7;1899-12-30 00:00:00;1899-12-30 00:00:00;20;;;;1000;1500;;;;;626;
FE81302;COMPLEJO B;VITAMINOTERAPIA;AMP;;1300;;7,80001E+12;CAJA;74;0;578;1899-12-30 00:00:00;1899-12-30 00:00:00;100;;;;0;0;;;;;627;
FE81301;DICLOFENACO GEL 1% 30GR;ANTIINFLAMATORIO;TUB;;1032;;7,80001E+12;TUB;10;0;434;1899-12-30 00:00:00;1899-12-30 00:00:00;1;;;;2;10;;;;;628;
FA10 04;SONDA ASPIRACION;ACTIVADOR CEREBRAL;UNID;;450;;;UNID;4;0;245;1899-12-30 00:00:00;1899-12-30 00:00:00;1;;;;30;30;;;;;629;
FH82801;SULPILAN FORTE 300MG;ANTIDEPRESIVO;CAPS;;1400;;7,80491E+12;CAJA;0;0;756;1899-12-30 00:00:00;1899-12-30 00:00:00;20;;;;200;400;;;;;630;
FB95801;SULPIRIDA 50MG.;ANTIDEPRESIVO;COMP;;355;;7,80005E+12;CAJA;270;0;221;1899-12-30 00:00:00;1899-12-30 00:00:00;20;;;;250;300;;;;;631;
FJ16601;SUXAMETONIO CLORURO 100MG. 5ML;RELAJADOR MUSCULAR;AMP;;2800;;7,80006E+12;CAJA;0;0;1550;1899-12-30 00:00:00;1899-12-30 00:00:00;100;;;;50;100;;;;;632;
UR26801;TERMOMETRO ORAL;NO FARMACO;UNID;;1485;;;UNID;0;0;0;1899-12-30 00:00:00;1899-12-30 00:00:00;1;;;;0;0;;;;;633;
FB41309;LAMOTRIGINA 100;ANTIEPILEPTICO;COMP;;930;;7,80001E+12;CAJA;0;0;95;1899-12-30 00:00:00;1899-12-30 00:00:00;30;;;;100;150;;;;;634;
FH50800;PREGAVALINA 75 MGS X 30;ANALGESICO;CAJA;;36500;;;AMP;10;0;0;1899-12-30 00:00:00;1899-12-30 00:00:00;1;;;;100;300;;;;;635;
FA51303;CELEBRA 200 MGS X 10;ANTIINFLAMATORIO;CAJA;;80130;;7,80001E+12;CAJA;0;0;0;1899-12-30 00:00:00;1899-12-30 00:00:00;1;;;;0;0;;;;;636;
FA51304;METOCLOPRAMIDA 10MG;ANTIEMETICO;COMP;;36;;;CAJA;529;0;23;1899-12-30 00:00:00;1899-12-30 00:00:00;24;;;;300;500;;;;;637;
FA11301;TONARIL 2 MG;ANTIPARKINSONIANO;COMP;;200;;;CAJA;990;0;75;1899-12-30 00:00:00;1899-12-30 00:00:00;100;;;;1000;2000;;;;;638;
FC61304;TRIMEBUTINO 100 MG;REGULADOR DIGESTIVO;COMP;;30;;7,80001E+12;CAJA;930;0;16;1899-12-30 00:00:00;1899-12-30 00:00:00;30;;;;200;500;;;;;639;
FB91303;PREDNISONA 5MG;CORTICOTERAPIA;COMP;;40;;4,078E+14;CAJA;136;0;7;1899-12-30 00:00:00;1899-12-30 00:00:00;20;;;;100;200;;;;;640;
FG01304;UREN COMP;DIURETICO;COMP;;95;;7,80001E+12;CAJA;98;0;0;1899-12-30 00:00:00;1899-12-30 00:00:00;24;;;;0;0;;;;;641;
FC64002;URICONT 5,0 MG.;ANTIESPASMODICO;COMP;;310;;7,80001E+14;CAJA;70;0;78;1899-12-30 00:00:00;1899-12-30 00:00:00;50;;;;400;1000;;;;;642;
TR7P100;USO DE PABELLON  (ELECT.);NO FARMACOLOGICO;UNID;;6500;;;;10;0;0;1899-12-30 00:00:00;1899-12-30 00:00:00;0;;;;0;0;;;;;643;
HL;HEPATOPROTECTORES;NULL;NULL;NU;0;;NULL;NULL;0;0;0;1899-12-30 00:00:00;1899-12-30 00:00:00;0;;;;0;0;;;;;644;
FH82201;HALOPERIDOL AMPOLLA 1ML;NEUROLEPTICO;AMP;;443;;7,80001E+12;CAJA;179;0;248;1899-12-30 00:00:00;1899-12-30 00:00:00;100;;;;200;500;;;;;645;
F000 06;DIPIRONA INYECTABLE;ANTIPIRETICO;AMP;;500;;;CAJA;5941;0;110;1899-12-30 00:00:00;1899-12-30 00:00:00;100;;;;20;50;;;;;646;
F000 12;CLORPROMAZINA AMPOLLA;NEUROLEPTICO;AMP;;250;;;CAJA;42;0;90;1899-12-30 00:00:00;1899-12-30 00:00:00;100;;;;100;300;;;;;647;
F000 13;SENTIDOL75;SIN ACCION FARMACOLOGICA;CAJA;;22785;;;;0;0;0;1899-12-30 00:00:00;1899-12-30 00:00:00;0;;;;0;0;;;;;648;
F000 16;HEDERA HELIX;MUCOLITICO;FCO;;3000;;;FCO;0;0;750;1899-12-30 00:00:00;1899-12-30 00:00:00;1;;;;10;30;;;;;649;
F000 27;CIBLEX 30;SIN ACCION FARMACOLOGICA;COMP;;1560;;;;270;0;0;1899-12-30 00:00:00;1899-12-30 00:00:00;0;;;;0;0;;;;;650;
F000 28;GEMFIBROZILO 600MG;HIPOCOLESTEROLEMIANTE;COMP;;150;;;CAJA;45;0;54;1899-12-30 00:00:00;1899-12-30 00:00:00;20;;;;600;1000;;;;;651;
F000 30;CISORDINOL ACUTARD;NEUROLEPTICO;CAJA;;27360;;7,79809E+12;CAJA;3;0;17989;1899-12-30 00:00:00;1899-12-30 00:00:00;1;;;;5;20;;;;;652;
F000 34;MUXOL;MUCOLITICO;FCO;;7500;;;CAJA;9;0;0;1899-12-30 00:00:00;1899-12-30 00:00:00;0;;;;5;10;;;;;653;
F000 38;SALBUTAMOL INHALADOR;BRONCODILATADOR;FCO;;2300;;;FCO;6;0;916;1899-12-30 00:00:00;1899-12-30 00:00:00;1;;;;5;15;;;;;654;
F000 46;ATORVASTATINA 10MG COMP;HIPOCOLESTEROLEMIANTE;COMP;;60;;;CAJA;190;0;29;1899-12-30 00:00:00;1899-12-30 00:00:00;30;;;;300;600;;;;;655;
F000 65;BIOGEL SHAMPOO;SIN ACCION FARMACOLOGICA;FRASC;;8900;;;;5;0;0;1899-12-30 00:00:00;1899-12-30 00:00:00;0;;;;0;0;;;;;656;
F000 69;FIBRASOL PVO;LAXANTE;FCO;;8185;;;FCO;1;0;0;1899-12-30 00:00:00;1899-12-30 00:00:00;1;;;;0;0;;;;;657;
F000 77;BUXON 150Mg;ANTIDEPRESIVO;COMP;;850;;;CAJA;20;0;178;1899-12-30 00:00:00;1899-12-30 00:00:00;100;;;;100;300;;;;;658;
F000 78;GLAFORNIL 500;HIPOGLICEMIANTE;COMP;;400;;;CAJA;30;0;4850;1899-12-30 00:00:00;1899-12-30 00:00:00;30;;;;200;300;;;;;659;
F000 79;XARELTO X 28 COMP;ANTITROMBOTICO;CAJA;;68000;;;CAJA;3;0;53000;1899-12-30 00:00:00;1899-12-30 00:00:00;1;;;;0;0;;;;;660;
F000 80;SINCRIS 10MG;SIN ACCION FARMACOLOGICA;COMP;;1250;;;;1959;0;0;1899-12-30 00:00:00;1899-12-30 00:00:00;0;;;;0;0;;;;;661;
F000 85;GUTALAX GOTAS;SIN ACCION FARMACOLOGICA;FCO;;5411;;;;8;0;0;1899-12-30 00:00:00;1899-12-30 00:00:00;0;;;;0;0;;;;;662;
F000 88;ASICOT  100 MG;SIN ACCION FARMACOLOGICA;COMP;;829;;;;-30;0;0;1899-12-30 00:00:00;1899-12-30 00:00:00;0;;;;0;0;;;;;663;
F000 89;PREPARADO MAGISTRAL;SIN ACCION FARMACOLOGICA;UNIDA;;18910;;;;9980;0;0;1899-12-30 00:00:00;1899-12-30 00:00:00;0;;;;0;0;;;;;664;
F000 94;HALOPERIDOL 1MG;NEUROLEPTICO;COMP;;125;;;CAJA;110;0;9;1899-12-30 00:00:00;1899-12-30 00:00:00;1000;;;;0;0;;;;;665;
F000 98;ESPIRONOLACTONA 25mg;SIN ACCION FARMACOLOGICA;COMP;;33;;;;214;0;0;1899-12-30 00:00:00;1899-12-30 00:00:00;0;;;;0;0;;;;;666;
F000 99;SPIRON 1MG COMP;SIN ACCION FARMACOLOGICA;COMP;;315;;;;0;0;0;1899-12-30 00:00:00;1899-12-30 00:00:00;0;;;;0;0;;;;;667;
F000 10;AMIODARONA 200 MGS X 20;ANTIARRITMICO;CAJA;;2540;;;CAJA;0;0;0;1899-12-30 00:00:00;1899-12-30 00:00:00;1;;;;0;0;;;;;668;
U000 48;PASTA DENTAL CHICA 50GR;SIN ACCION FARMACOLOGICA;TUB;;500;;;TUB;18;0;450;1899-12-30 00:00:00;1899-12-30 00:00:00;1;;;;0;0;;;;;669;
U000 49;PASTA DENTAL MEDIANA 90GR;SIN ACCION FARMACOLOGICA;TUB;;750;;;TUB;38;0;650;1899-12-30 00:00:00;1899-12-30 00:00:00;1;;;;0;0;;;;;670;
U000 51;SHAMPOO GRANDE I LT;SIN ACCION FARMACOLOGICA;FCO;;1800;;;CAJA;20;0;1100;1899-12-30 00:00:00;1899-12-30 00:00:00;10;;;;0;0;;;;;671;
U000 53;JABON BARRA;COSMETICOS;BARRA;;390;;;BARRA;0;0;195;1899-12-30 00:00:00;1899-12-30 00:00:00;1;;;;0;0;;;;;672;
U000 54;CEPILLO DENTAL;COSMETICOS;UNID;;1250;;;UNID;30;0;1200;1899-12-30 00:00:00;1899-12-30 00:00:00;1;;;;0;0;;;;;673;
U000 55;TOALLA HIGIENICA X 8;USO GENERAL;CAJA;;1575;;;CAJA;0;0;1035;1899-12-30 00:00:00;1899-12-30 00:00:00;1;;;;0;0;;;;;674;
U000 56;PRESTOBARBA;SIN ACCION FARMACOLOGICA;UNID;;950;;;UNID;-38;0;480;1899-12-30 00:00:00;1899-12-30 00:00:00;1;;;;0;0;;;;;675;
U000 58;EMULSIONADO GRANDE;SIN ACCION FARMACOLOGICA;FCO;;2220;;;FCO;16;0;930;1899-12-30 00:00:00;1899-12-30 00:00:00;1;;;;0;0;;;;;676;
U000 60;DESODORANTE  HOMBRE;SIN ACCION FARMACOLOGICA;FCO;;2400;;;FCO;9;0;1100;1899-12-30 00:00:00;1899-12-30 00:00:00;1;;;;0;0;;;;;677;
U000 61;UNDERAN  2% UNGUENTO;SIN ACCION FARMACOLOGICA;TUB;;26900;;;TUB;0;0;0;1899-12-30 00:00:00;1899-12-30 00:00:00;1;;;;0;0;;;;;678;
U000 63;COLONIA INGLESA 1000 ML;SIN ACCION FARMACOLOGICA;FCO;;4000;;;FCO;40;0;2200;1899-12-30 00:00:00;1899-12-30 00:00:00;1;;;;0;0;;;;;679;
U000 65;AGUJA 20G;SIN ACCION FARMACOLOGICA;UNIDA;;55;;;;45;0;0;1899-12-30 00:00:00;1899-12-30 00:00:00;0;;;;0;0;;;;;680;
UC54501;MASCARILLA DESECHABLE X 50;ANESTESICO;CAJA;;1500;;;CAJA;6;0;780;1899-12-30 00:00:00;1899-12-30 00:00:00;1;;;;200;500;;;;;681;
FG0001;FUROSEMIDA 20 MGS X 1 ML;DIURETICO;AMP;NU;0;;;CAJA;0;0;380;1899-12-30 00:00:00;1899-12-30 00:00:00;100;;;;0;0;;;;;682;
U000 66;GLUCOSA AMPOLLA 30%;SIN ACCION FARMACOLOGICA;AMP;;1050;;;CAJA;58;0;370;1899-12-30 00:00:00;1899-12-30 00:00:00;50;;;;3;5;;;;;683;
U000 67;GLUCOSA 5% 500ML;SIN ACCION FARMACOLOGICA;FCO;;850;;;FCO;2;0;550;1899-12-30 00:00:00;1899-12-30 00:00:00;1;;;;100;240;;;;;684;
U000 68;GLUCOSA 5% 1LT;SIN ACCION FARMACOLOGICA;FCO;;900;;;FCO;0;0;600;1899-12-30 00:00:00;1899-12-30 00:00:00;1;;;;0;0;;;;;685;
U000 69;GLUCOSA 10% 500CC;SIN ACCION FARMACOLOGICA;FCO;;700;;;FCO;25;0;450;1899-12-30 00:00:00;1899-12-30 00:00:00;1;;;;0;0;;;;;686;
U000 70;CORTADOR PASTILLAS;SIN ACCION FARMACOLOGICA;UNID;;5385;;;UNID;4;0;0;1899-12-30 00:00:00;1899-12-30 00:00:00;0;;;;0;0;;;;;687;
U000 71;VYNILO GUANTES;SIN ACCION FARMACOLOGICA;UNIDA;;32;;;;9000;0;0;1899-12-30 00:00:00;1899-12-30 00:00:00;0;;;;0;0;;;;;688;
U000 72;BRANULA N 22;SIN ACCION FARMACOLOGICA;UNID;;680;;;UNID;328;0;490;1899-12-30 00:00:00;1899-12-30 00:00:00;1;;;;0;0;;;;;689;
U000 73;OTROS;SIN ACCION FARMACOLOGICA;AJA;;0;;;;0;0;0;1899-12-30 00:00:00;1899-12-30 00:00:00;0;;;;0;0;;;;;690;
U000 74;SABANILLAS PREDOBLADAS;SIN ACCION FARMACOLOGICA;UNID;;500;;;;36;0;0;1899-12-30 00:00:00;1899-12-30 00:00:00;0;;;;0;0;;;;;691;
U000 75;BAJALENGUA;SIN ACCION FARMACOLOGICA;UNID;;20;;;;900;0;0;1899-12-30 00:00:00;1899-12-30 00:00:00;0;;;;0;0;;;;;692;
U000 76;BAJADA DE SUERO;INSUMOS;UNID;;630;;;CAJA;16;0;416;1899-12-30 00:00:00;1899-12-30 00:00:00;25;;;;30;100;;;;;693;
U000 78;CONTENCIONES;SIN ACCION FARMACOLOGICA;UNID;;12270;;;UNID;78;0;5000;1899-12-30 00:00:00;1899-12-30 00:00:00;1;;;;0;0;;;;;694;
U000 79;AGUA BIDESTILADA AMPOLLA;SIN ACCION FARMACOLOGICA;AMP;;300;;;CAJA;7;0;60;1899-12-30 00:00:00;1899-12-30 00:00:00;100;;;;250;300;;;;;695;
U000 80;GLUCOSALINO 500CC;SIN ACCION FARMACOLOGICA;FCO;;900;;;FCO;109;0;550;1899-12-30 00:00:00;1899-12-30 00:00:00;1;;;;200;240;;;;;696;
U000 81;GUANTE DE LATEX DESECHABLE;SIN ACCION FARMACOLOGICA;UNID;;75;;;;4334;0;0;1899-12-30 00:00:00;1899-12-30 00:00:00;0;;;;0;0;;;;;697;
U000 86;SONDA FOLEY;SIN ACCION FARMACOLOGICA;UNID;;1450;;;UNID;21;0;600;1899-12-30 00:00:00;1899-12-30 00:00:00;1;;;;0;0;;;;;698;
U000 87;PAnAL DESECHABLE;SIN ACCION FARMACOLOGICA;PAQ;;600;;;PAQ;-376;0;13100;1899-12-30 00:00:00;1899-12-30 00:00:00;1;;;;500;3000;;;;;699;
U000 88;RECOLECTOR ORINA;SIN ACCION FARMACOLOGICA;UNID;;3990;;;UNID;0;0;230;1899-12-30 00:00:00;1899-12-30 00:00:00;1;;;;0;0;;;;;700;
U000 89;LANCETAS;SIN ACCION FARMACOLOGICA;UNIDA;;200;;;;254;0;0;1899-12-30 00:00:00;1899-12-30 00:00:00;0;;;;0;0;;;;;701;
U000 90;SUERO FIS AMP 9%;SIN ACCION FARMACOLOGICA;AMP;;150;;7,80006E+12;CAJA;4;0;70;1899-12-30 00:00:00;1899-12-30 00:00:00;100;;;;100;500;;;;;702;
U000 91;SUERO FISIOLOGICO AMPOLLA 10%;SIN ACCION FARMACOLOGICA;AMP;;198;;;CAJA;45;0;0;1899-12-30 00:00:00;1899-12-30 00:00:00;100;;;;0;0;;;;;703;
U000 92;SUERO FISIOLOGICO 500CC;SIN ACCION FARMACOLOGICA;FCO;;700;;;FCO;155;0;540;1899-12-30 00:00:00;1899-12-30 00:00:00;1;;;;100;400;;;;;704;
U000 93;SUERO FISIOLOGICO 250CC;SIN ACCION FARMACOLOGICA;FCO;;615;;;FCO;123;0;400;1899-12-30 00:00:00;1899-12-30 00:00:00;1;;;;0;0;;;;;705;
U000 95;SUERO RINGER LACTATO 500CC;USO GENERAL;FCO;;671;;;FCO;23;0;600;1899-12-30 00:00:00;1899-12-30 00:00:00;1;;;;0;0;;;;;706;
U000 96;TELA ADH TRANS PLASTICA;SIN ACCION FARMACOLOGICA;UNID;;2800;;;UNID;31;0;1800;1899-12-30 00:00:00;1899-12-30 00:00:00;12;;;;0;0;;;;;707;
U000 10;CREMA AFEITAR;SIN ACCION FARMACOLOGICA;TUB;;2600;;;TUB;0;0;1390;1899-12-30 00:00:00;1899-12-30 00:00:00;1;;;;0;0;;;;;708;
UR2A301;JERINGA 3CC;NO FARMACO;UNID;;150;;;;53;0;0;1899-12-30 00:00:00;1899-12-30 00:00:00;0;;;;0;0;;;;;709;
UR2A303;JERINGA 10 CC;NO FARMACO;UNID;;390;;;CAJA;89;0;50;1899-12-30 00:00:00;1899-12-30 00:00:00;100;;;;0;0;;;;;710;
UR2A304;JERINGA 20CC;NO FARMACO;UNID;;435;;;;169;0;0;1899-12-30 00:00:00;1899-12-30 00:00:00;0;;;;0;0;;;;;711;
UR20 01;TELA ADH MICRO PAPEL;NO FARMACO;UNID;;4950;;;CAJA;36;0;1330;1899-12-30 00:00:00;1899-12-30 00:00:00;12;;;;0;0;;;;;712;
UR20 02;SUTURA;NO FARMACO;UNID;;675;;;;22;0;0;1899-12-30 00:00:00;1899-12-30 00:00:00;0;;;;0;0;;;;;713;
FB44801;CLORANFENICOL UNGTO OFT;ANTIBIOTERAPIA;TUB;;2251;;;TUB;0;0;1108;1899-12-30 00:00:00;1899-12-30 00:00:00;1;;;;0;0;;;;;714;
FB94801;SUPRADYN;ANTIDEPRESIVO;CAJA;;10500;;;;0;0;0;1899-12-30 00:00:00;1899-12-30 00:00:00;0;;;;0;0;;;;;715;
FD44801;ENALAPRIL 10MG;ANTIHIPERTENSIVO;COMP;;20;;;CAJA;446;0;8;1899-12-30 00:00:00;1899-12-30 00:00:00;1000;;;;1000;2000;;;;;716;
FE74801;VIADIL GOTAS;ANTIESPASMODICO;FCO;;4240;;;FCO;0;0;3390;1899-12-30 00:00:00;1899-12-30 00:00:00;1;;;;0;0;;;;;717;
UE60 01;ALCOHOL 70% 1lt;ANTISEPTICO;FRASC;;2740;;;;0;0;0;1899-12-30 00:00:00;1899-12-30 00:00:00;0;;;;0;0;;;;;718;
FK59701;UTEBROL 10MG X60 COMP;ANTISICOTICO;CAJA;;44120;;;;10;0;0;1899-12-30 00:00:00;1899-12-30 00:00:00;0;;;;0;0;;;;;719;
FE70 01;DICOMEX  100 MGSx 30 comp;ANTISICOTICO;CAJA;;41390;;;CAJA;37;0;3900;1899-12-30 00:00:00;1899-12-30 00:00:00;1;;;;20;50;;;;;720;
UJ50 01;AGUA BIDESTILADA 500CC;SUEROTERAPIA;FCO;;600;;;CAJA;961;0;320;1899-12-30 00:00:00;1899-12-30 00:00:00;20;;;;0;0;;;;;721;
FH60 02;LACTULOSA 200ML;LAXANTE;FCO;;3500;;;FCO;8;0;2600;1899-12-30 00:00:00;1899-12-30 00:00:00;1;;;;50;70;;;;;722;
FB90 01;TIAMINA COMP;VITAMINOTERAPIA;COMP;;80;;;CAJA;258;0;23;1899-12-30 00:00:00;1899-12-30 00:00:00;40;;;;0;0;;;;;723;
UL80 01;CANULA MAYO No5 Y 6;INSUMOS;UNID;;1200;;;UNID;7;0;0;1899-12-30 00:00:00;1899-12-30 00:00:00;1;;;;0;0;;;;;724;
UL80 02;Redecilla para pelo negro;USO GENERAL;CAJA;;55;;;CAJA;100;0;40;1899-12-30 00:00:00;1899-12-30 00:00:00;1;;;;0;0;;;;;725;
UR20 03;ENSURE POLVO;SUPLEMENTO NUTRICIONAL;FCO;;13340;;;FCO;3;0;7500;1899-12-30 00:00:00;1899-12-30 00:00:00;1;;;;10;15;;;;;726;
FB90301;TRAMAL 50 mgs x 10 com;ANALGESICO;CAJA;;5550;;;CAJA;6;0;1260;1899-12-30 00:00:00;1899-12-30 00:00:00;1;;;;0;0;;;;;727;
FL31315;TRITTICO 100 MG;ANTIDEPRESIVO;COMP;;990;;;CAJA;46;0;550;1899-12-30 00:00:00;1899-12-30 00:00:00;20;;;;500;1000;;;;;728;
UR20 04;AGUJA N 21;NO FARMACO;UNID;;50;;;;70;0;0;1899-12-30 00:00:00;1899-12-30 00:00:00;0;;;;0;0;;;;;729;
UR20 05;DESODORANTE MUJER;NO FARMACO;FCO;;3000;;;FCO;7;0;1100;1899-12-30 00:00:00;1899-12-30 00:00:00;1;;;;0;0;;;;;730;
FL80 01;GEL PARA ELECTRO;USO GENERAL;FCO;;2800;;;FCO;8;0;2800;1899-12-30 00:00:00;1899-12-30 00:00:00;1;;;;0;0;;;;;731;
FD40 01;LOSARTAN 50MG;ANTIHIPERTENSIVO;COMP;;75;;;CAJA;330;0;29;1899-12-30 00:00:00;1899-12-30 00:00:00;1000;;;;1000;2000;;;;;732;
U004201;JERINGA ALIMENTACION;SIN ACCION FARMACOLOGICA;UNID;;375;;;CAJA;0;0;550;1899-12-30 00:00:00;1899-12-30 00:00:00;50;;;;0;0;;;;;733;
U004202;NARICERA;SIN ACCION FARMACOLOGICA;UNID;;1500;;;UNID;29;0;350;1899-12-30 00:00:00;1899-12-30 00:00:00;1;;;;0;0;;;;;734;
U004301;TAPAS AMARILLAS;SIN ACCION FARMACOLOGICA;UNID;;600;;;;-2;0;0;1899-12-30 00:00:00;1899-12-30 00:00:00;0;;;;0;0;;;;;735;
FD45801;CALCIO 500 MGS X 30;CALCIOTERAPIA;CAJA;;3500;;;CAJA;3;0;3138;1899-12-30 00:00:00;1899-12-30 00:00:00;1;;;;0;0;;;;;736;
FE10 01;BLOQUEADOR SOLAR F 30;COSMETICOS;FCO;;2500;;;FCO;-1;0;2600;1899-12-30 00:00:00;1899-12-30 00:00:00;1;;;;0;0;;;;;737;
FB90 02;CLARITOMICINA 500;ANTIBIOTICO;COMP;;380;;;CAJA;157;0;130;1899-12-30 00:00:00;1899-12-30 00:00:00;1;;;;0;0;;;;;738;
FHH0 01;FERRANEN;ANTIANEMICO;COMP;;400;;;CAJA;0;0;185;1899-12-30 00:00:00;1899-12-30 00:00:00;30;;;;300;1000;;;;;739;
FB51319;KETOROLACO 10 MGS X 10 COMP;ANALGESICO;CAJA;;2325;;;CAJA;0;0;500;1899-12-30 00:00:00;1899-12-30 00:00:00;1;;;;20;100;;;;;740;
FB94701;SAPHRIS 5 X 60;ANTIDEPRESIVO;CAJA;;95888;;;CAJA;0;0;0;1899-12-30 00:00:00;1899-12-30 00:00:00;1;;;;0;0;;;;;741;
FH20301;METFORMINA 850;HIPOGLICEMIANTE;COMP;;45;;;CAJA;870;0;16;1899-12-30 00:00:00;1899-12-30 00:00:00;1000;;;;1000;2000;;;;;742;
FE20302;METRONIDAZOL 250MG;ANTIBACTERIANO;COMP;;400;;;CAJA;155;0;0;1899-12-30 00:00:00;1899-12-30 00:00:00;50;;;;100;150;;;;;743;
FD90 01;SUERO FISIOLOGICO 100 CC;ANTIMICOTICO;FRASC;;435;;;;38;0;0;1899-12-30 00:00:00;1899-12-30 00:00:00;0;;;;0;0;;;;;744;
UL80 03;PATO URINARIO;USO GENERAL;UNID;;4350;;;;2;0;0;1899-12-30 00:00:00;1899-12-30 00:00:00;0;;;;0;0;;;;;745;
FV20 01;ASICOT 200MG;LUBRICANTE-SUAVIZANTE;COMP;;950;;;;0;0;0;1899-12-30 00:00:00;1899-12-30 00:00:00;0;;;;0;0;;;;;746;
FB90 03;CISORDINOL 10MG COMP;NEUROLEPTICO;COMP;;555;;;CAJA;220;0;207;1899-12-30 00:00:00;1899-12-30 00:00:00;50;;;;300;600;;;;;747;
FB86201;CARBORON RTD;ANTICONVULSIVANTE;COMP;;650;;;;225;0;0;1899-12-30 00:00:00;1899-12-30 00:00:00;0;;;;0;0;;;;;748;
FB83801;TIORIDAZINA 25;ANTICONVULSIVANTE;CAJA0;;1295;;;;4;0;0;1899-12-30 00:00:00;1899-12-30 00:00:00;0;;;;0;0;;;;;749;
FB97801;LIDOCAINA AMPOLLA;ANESTESICO;AMP;;225;;;CAJA;33;0;65;1899-12-30 00:00:00;1899-12-30 00:00:00;100;;;;50;100;;;;;750;
U009101;INYECCION AMBULATORIA;SIN ACCION FARMACOLOGICA;UNID;;2000;;;;9771;0;0;1899-12-30 00:00:00;1899-12-30 00:00:00;0;;;;0;0;;;;;751;
FH80 01;TEST DE DROGAS;PROCEDIMIENTOS;UNID;;4200;;;UNID;36;0;2850;1899-12-30 00:00:00;1899-12-30 00:00:00;1;;;;30;50;;;;;752;
FM04501;TIAMINA AMPOLLA;VITAMINOTERAPIA;AMP;;200;;;CAJA;566;0;66;1899-12-30 00:00:00;1899-12-30 00:00:00;100;;;;500;1000;;;;;753;
FD96701;CAPTOPRIL 25;ANTIHIPERTENSIVO;COMP;;200;;;CAJA;112;0;200;1899-12-30 00:00:00;1899-12-30 00:00:00;25;;;;0;0;;;;;754;
FK50 01;CORTIGRIP;ANTISICOTICO;COMP;;385;;;CAJA;20;0;0;1899-12-30 00:00:00;1899-12-30 00:00:00;20;;;;0;0;;;;;755;
FA30404;CLONIXINATO DE LISINA 125 MGS;ANALGESICO;COMP;NU;0;;;CAJA;0;0;0;1899-12-30 00:00:00;1899-12-30 00:00:00;20;;;;0;0;;;;;756;
UR29901;JERINGA 1CC INSUL;NO FARMACO;UNID;;105;;;;329;0;0;1899-12-30 00:00:00;1899-12-30 00:00:00;0;;;;0;0;;;;;757;
FA10 05;PASCLEADINE 300 X 30;ACTIVADOR CEREBRAL;CAJA;;15366;;;;1;0;0;1899-12-30 00:00:00;1899-12-30 00:00:00;0;;;;0;0;;;;;758;
U005801;TALCO PARA CUERPO;SIN ACCION FARMACOLOGICA;FCO;;3500;;;FCO;17;0;1790;1899-12-30 00:00:00;1899-12-30 00:00:00;1;;;;0;0;;;;;759;
U009601;BRANULA 20;SIN ACCION FARMACOLOGICA;UNIDA;;510;;;;91;0;0;1899-12-30 00:00:00;1899-12-30 00:00:00;0;;;;0;0;;;;;760;
FAN0301;CIPROFLOXACINO 500 MGS  LCH;ANTIBACTERIANO;COMP;;300;;;CAJA;2;0;47;1899-12-30 00:00:00;1899-12-30 00:00:00;7;;;;300;700;;;;;761;
UX29601;JERINGA 5CC;INSUMOS;UNID;;180;;;CAJA;271;0;50;1899-12-30 00:00:00;1899-12-30 00:00:00;100;;;;0;0;;;;;762;
FH83801;ARIPIPRAZOL 15MG (AZYMOL);NEUROLEPTICO;CAJA;;33790;;7,79535E+12;CAJA;10;0;18000;1899-12-30 00:00:00;1899-12-30 00:00:00;1;;;;10;20;;;;;763;
FB98901;ZYPREXA 10MG AMP.;ANTISICOTICO;FCO;;29000;;;FCO;5;0;16000;1899-12-30 00:00:00;1899-12-30 00:00:00;1;;;;5;10;;;;;764;
FA50 01;SULFATO ZINC 0,88%;VITAMINOTERAPIA;AMP;;1700;;;CAJA;14;0;420;1899-12-30 00:00:00;1899-12-30 00:00:00;100;;;;200;300;;;;;765;
UL80 04;ALCOHOL SATCHET;ANTISEPTICO;UNID;;20;;;CAJA;33;0;20;1899-12-30 00:00:00;1899-12-30 00:00:00;100;;;;2000;4000;;;;;766;
FF50301;PROPOFOL 1% X 20 ML;ANESTESICO;AMP;;3500;;;CAJA;55;0;4500;1899-12-30 00:00:00;1899-12-30 00:00:00;5;;;;0;0;;;;;767;
FA33401;TIORIDAZINA 100 MGS;ANSIOLITICO;CAJA;;6300;;;CAJA;5;0;3500;1899-12-30 00:00:00;1899-12-30 00:00:00;1;;;;100;200;;;;;768;
FD60 01;AMOXICILINA+AC.CLAVULANICO;ANTIBIOTERAPIA;CAJA;;10000;;;CAJA;10;0;5500;1899-12-30 00:00:00;1899-12-30 00:00:00;1;;;;10;15;;;;;769;
UR10 01;ALGODON 1 KG;OTROS NO AFECTOS A IVA;ROLLO;;6600;;;;0;0;0;1899-12-30 00:00:00;1899-12-30 00:00:00;0;;;;0;0;;;;;770;
FA52001;SULFATO MAGNESIO 25% 5 ml;VITAMINOTERAPIA;AMP;;400;;;CAJA;305;0;119;1899-12-30 00:00:00;1899-12-30 00:00:00;100;;;;400;500;;;;;771;
FH61601;TOPIRAMATO 100 MGS X 30;ANTIEPILEPTICO;COMP;;86100;;;CAJA;0;0;0;1899-12-30 00:00:00;1899-12-30 00:00:00;20;;;;0;0;;;;;772;
FB50 01;CEFTRIAXONA 1GR;ANTIBIOTICO;FCO;;2550;;;FCO;0;0;430;1899-12-30 00:00:00;1899-12-30 00:00:00;1;;;;10;30;;;;;773;
VR10 01;TOMA PRESION WELCH ALLYN;OTROS NO AFECTOS A IVA;MONIT;;733674;;;;0;0;0;1899-12-30 00:00:00;1899-12-30 00:00:00;0;;;;0;0;;;;;774;
FK53801;VASELINA SALIC. 500GR.;ANTISICOTICO;pote;;9453;;;;0;0;0;1899-12-30 00:00:00;1899-12-30 00:00:00;0;;;;0;0;;;;;775;
UX20 01;AGUJA 19G;INSUMOS;UNIDA;;50;;;;0;0;0;1899-12-30 00:00:00;1899-12-30 00:00:00;0;;;;0;0;;;;;776;
UX20 02;MASCARILLA ALTA CONCENTRACION;INSUMOS;UNID;;1485;;;UNID;48;0;990;1899-12-30 00:00:00;1899-12-30 00:00:00;1;;;;0;0;;;;;777;
UX24501;GLUCOSA (DEXTROSA)5% 250ML;INSUMOS;UNID;;500;;;CAJA;44;0;370;1899-12-30 00:00:00;1899-12-30 00:00:00;20;;;;0;0;;;;;778;
FA50301;POLIVITAMINICO;POLIVITAMINOTERAPIA;COMP;;45;;;CAJA;18;0;0;1899-12-30 00:00:00;1899-12-30 00:00:00;30;;;;0;0;;;;;779;
UX28401;MARIPOSA 25G;INSUMOS;UNID;;500;;;UNID;18;0;132;1899-12-30 00:00:00;1899-12-30 00:00:00;1;;;;0;0;;;;;780;
UX28402;MARIPOSA 19G;INSUMOS;UNID;;500;;;UNID;25;0;132;1899-12-30 00:00:00;1899-12-30 00:00:00;1;;;;0;0;;;;;781;
UX28501;GUANTES DESECHABLES;INSUMOS;UNID;;60;;;CAJA;962;0;25;1899-12-30 00:00:00;1899-12-30 00:00:00;1000;;;;10000;50000;;;;;782;
UX29101;SONDA NELATON;INSUMOS;UNID;;1200;;;UNID;8;0;250;1899-12-30 00:00:00;1899-12-30 00:00:00;1;;;;0;0;;;;;783;
UX29102;GASA ESTERIL IND.10X10;INSUMOS;UNID;;175;;;CAJA;37;0;70;1899-12-30 00:00:00;1899-12-30 00:00:00;50;;;;0;0;;;;;784;
UX29103;AGUJA 18G;INSUMOS;UNID;;50;;;;61;0;0;1899-12-30 00:00:00;1899-12-30 00:00:00;0;;;;0;0;;;;;785;
UX29104;BRANULA 18;INSUMOS;UNID;;500;;;UNID;127;0;490;1899-12-30 00:00:00;1899-12-30 00:00:00;1;;;;0;0;;;;;786;
UX29105;JERINGA 5O CC.;INSUMOS;UNID;;470;;;;20;0;0;1899-12-30 00:00:00;1899-12-30 00:00:00;0;;;;0;0;;;;;787;
FH31301;NIFEDIPINO 20MG;HIPOTENSOR;COMPR;;120;;;;360;0;0;1899-12-30 00:00:00;1899-12-30 00:00:00;0;;;;0;0;;;;;788;
FE11301;GRIFOPARKIN;ANTIPARKINSONIANO;CAJA;;17850;;7,80001E+12;CAJA;0;0;6610;1899-12-30 00:00:00;1899-12-30 00:00:00;1;;;;2;8;;;;;789;
UX20 03;KIT DE CURACION;INSUMOS;UNID;;2100;;;CAJA;11;0;1705;1899-12-30 00:00:00;1899-12-30 00:00:00;50;;;;0;0;;;;;790;
UX20 04;GASA ESTERIL IND. 5X5;INSUMOS;UNID;;140;;;CAJA;1097;0;26;1899-12-30 00:00:00;1899-12-30 00:00:00;50;;;;1000;2000;;;;;791;
UX29106;MASCARILLA C/SIST. VENTURI;INSUMOS;UNID;;2030;;;UNID;1;0;1350;1899-12-30 00:00:00;1899-12-30 00:00:00;1;;;;0;0;;;;;792;
UX29107;MASCARILLA CON NEBULIZADOR;INSUMOS;UNIDA;;4450;;;;7;0;0;1899-12-30 00:00:00;1899-12-30 00:00:00;0;;;;0;0;;;;;793;
UX29108;Monitor toma glicemia ACCU-CHE;INSUMOS;UNID;;23000;;;UNID;0;0;0;1899-12-30 00:00:00;1899-12-30 00:00:00;1;;;;0;0;;;;;794;
F010301;ATORVASTATINA 20MG;HIPOCOLESTEROLEMIANTE;COMP;;65;;;CAJA;5;0;28;1899-12-30 00:00:00;1899-12-30 00:00:00;30;;;;200;400;;;;;795;
UX29109;MASCARILLA DE OXIGENO;INSUMOS;UNID;;1250;;;UNID;75;0;490;1899-12-30 00:00:00;1899-12-30 00:00:00;1;;;;0;0;;;;;796;
UH68401;VASELINA LIQUIDA 120 ML;LAXANTE;FCO;;2250;;7,80001E+12;FCO;7;0;615;1899-12-30 00:00:00;1899-12-30 00:00:00;1;;;;20;30;;;;;797;
FB98902;ARIPIPRAZOL 10MG (AZYMOL);NEUROLEPTICO;CAJA;;38500;;;CAJA;-1;0;14000;1899-12-30 00:00:00;1899-12-30 00:00:00;1;;;;20;30;;;;;798;
FD51301;ARTRIDOL DUO;ANTIARTROSICO;CAJA;;21820;;;CAJA;0;0;0;1899-12-30 00:00:00;1899-12-30 00:00:00;1;;;;0;0;;;;;799;
UX29602;ELECTRODOS MULTIUSO X50;INSUMOS;CAJA;;7700;;;CAJA;1;0;100;1899-12-30 00:00:00;1899-12-30 00:00:00;1;;;;0;0;;;;;800;
VR10 02;RETIRO DE CAJA;OTROS NO AFECTOS A IVA;$;;10;;;;0;0;0;1899-12-30 00:00:00;1899-12-30 00:00:00;0;;;;0;0;;;;;801;
VR10 04;TRASLADO DE PACIENTES;OTROS NO AFECTOS A IVA;$;;1;;;;0;0;0;1899-12-30 00:00:00;1899-12-30 00:00:00;0;;;;0;0;;;;;802;
VR10 05;TRASLADO PCTE.AMBULANCIA;OTROS NO AFECTOS A IVA;$ 1;;170000;;;;0;0;0;1899-12-30 00:00:00;1899-12-30 00:00:00;0;;;;0;0;;;;;803;
VR10 42;Steri Strep  1546;OTROS NO AFECTOS A IVA;UNIDA;;1350;;;;49;0;0;1899-12-30 00:00:00;1899-12-30 00:00:00;0;;;;0;0;;;;;804;
TR10 01;Clotimazol + Betametasona;OTROS NO AFECTOS A IVA;crema;;1000;;;;2;0;0;1899-12-30 00:00:00;1899-12-30 00:00:00;0;;;;0;0;;;;;805;
V000 05;RX LAB BLANCO;SIN ACCION FARMACOLOGICA;UNID;;1;;;;0;0;0;1899-12-30 00:00:00;1899-12-30 00:00:00;0;;;;0;0;;;;;806;
V000 06;EX. TEST DE DROGAS EN MARIHUAN;SIN ACCION FARMACOLOGICA;UNID;;12310;;;UNID;0;0;0;1899-12-30 00:00:00;1899-12-30 00:00:00;0;;;;0;0;;;;;807;
UA10 01;TERMOMETRO DIGITAL;ACTIVADOR CEREBRAL;UNID;;6740;;;UNID;0;0;250;1899-12-30 00:00:00;1899-12-30 00:00:00;1;;;;0;0;;;;;808;
UA10 02;TOMA PRESION DIGITALBRAZO;SIN ACCION FARMACOLOGICA;UNID;;48000;;;UNID;3;0;9990;1899-12-30 00:00:00;1899-12-30 00:00:00;1;;;;0;0;;;;;809;
VA10 01;COLLAR DE EXTRICACION;ACTIVADOR CEREBRAL;UNIDA;;14997;;;;1;0;0;1899-12-30 00:00:00;1899-12-30 00:00:00;0;;;;0;0;;;;;810;
UA10 03;MORTERO DE MARMOL;ACTIVADOR CEREBRAL;UNID;;15750;;;UNID;1;0;0;1899-12-30 00:00:00;1899-12-30 00:00:00;1;;;;0;0;;;;;811;
UA10 04;OXIMETRO DE PULSO;ACTIVADOR CEREBRAL;UNID;;37485;;;UNID;2;0;0;1899-12-30 00:00:00;1899-12-30 00:00:00;1;;;;0;0;;;;;812;
FA54701;LEPONEX 100 MG X 30 COMP;ANTISICOTICO;CAJA;;60470;;;CAJA;10;0;0;1899-12-30 00:00:00;1899-12-30 00:00:00;1;;;;0;0;;;;;813;
FH87301;DICOMEX 100 MGS X 10 COMP;ANTISICOTICO;CAJA;;17500;;;CAJA;42;0;2500;1899-12-30 00:00:00;1899-12-30 00:00:00;1;;;;0;0;;;;;814;
VR80 01;FRASCO MEDICAMENTO;COSMETICOS;FCO;;200;;;;300;0;0;1899-12-30 00:00:00;1899-12-30 00:00:00;0;;;;0;0;;;;;815;
UA10 05;VENLAFAXINA 37,5 X 30 COMP;ANTIDEPRESIVO;CAJA;;23500;;;;3;0;0;1899-12-30 00:00:00;1899-12-30 00:00:00;0;;;;0;0;;;;;816;
UA10 32;PCR ULTRASENSIBLE;ACTIVADOR CEREBRAL;UNID;;20400;;;;0;0;0;1899-12-30 00:00:00;1899-12-30 00:00:00;0;;;;0;0;;;;;817;
FA10 06;LEPONEX 100 MGS X 20 COMP;ANTISICOTICO;CAJA;;33930;;;CAJA;14;0;0;1899-12-30 00:00:00;1899-12-30 00:00:00;1;;;;0;0;;;;;818;
UR80 01;ACTIVIDADES RECREATIVAS;COSMETICOS;UNID;;2000;;;;0;0;0;1899-12-30 00:00:00;1899-12-30 00:00:00;0;;;;0;0;;;;;819;
UF70 01;ALIMENTACION AUXILIAR ESPECIAL;ELECTROLITOTERAPIA;UNID;;2000;;;;0;0;0;1899-12-30 00:00:00;1899-12-30 00:00:00;0;;;;0;0;;;;;820;
UA10 51;BONO FONASA AT.MEDICA;ACTIVADOR CEREBRAL;UNID;;9980;;;;0;0;0;1899-12-30 00:00:00;1899-12-30 00:00:00;0;;;;0;0;;;;;821;
UA10 52;BONO FONASA DIA CAMA;ACTIVADOR CEREBRAL;UNID;;1830;;;;0;0;0;1899-12-30 00:00:00;1899-12-30 00:00:00;0;;;;0;0;;;;;822;
UA00 01;HONORARIOS MEDICOS;DIAS HOSPITALIZACION;UNID;;0;;;;0;0;0;1899-12-30 00:00:00;1899-12-30 00:00:00;0;;;;0;0;;;;;823;
UA10 53;IMPOSICIONES;ACTIVADOR CEREBRAL;UNID;;0;;;;0;0;0;1899-12-30 00:00:00;1899-12-30 00:00:00;0;;;;0;0;;;;;824;
UA10 54;INTERNET;ACTIVADOR CEREBRAL;UNID;;0;;;;0;0;0;1899-12-30 00:00:00;1899-12-30 00:00:00;0;;;;0;0;;;;;825;
UA10 56;REPOSICION BIOMBO CLINICO;ACTIVADOR CEREBRAL;UNID;;81000;;;;0;0;0;1899-12-30 00:00:00;1899-12-30 00:00:00;0;;;;0;0;;;;;826;
UA10 57;REPOSICION COLCHON;ACTIVADOR CEREBRAL;UNID;;52000;;;;0;0;0;1899-12-30 00:00:00;1899-12-30 00:00:00;0;;;;0;0;;;;;827;
UA10 58;REPOSICION SABANA;ACTIVADOR CEREBRAL;UNID;;1;;;;0;0;0;1899-12-30 00:00:00;1899-12-30 00:00:00;0;;;;0;0;;;;;828;
UA10 59;REPOSICION FRASADA;ACTIVADOR CEREBRAL;UNID;;1;;;;0;0;0;1899-12-30 00:00:00;1899-12-30 00:00:00;0;;;;0;0;;;;;829;
UA10 60;REPOSICION MESA DE CENTRO;ACTIVADOR CEREBRAL;UNID;;1;;;;0;0;0;1899-12-30 00:00:00;1899-12-30 00:00:00;0;;;;0;0;;;;;830;
FK50 06;OLANZAPINA 10 MGS;ANTISICOTICO;COMP;NU;1250;;;CAJA;0;0;150;1899-12-30 00:00:00;1899-12-30 00:00:00;1000;;;;1000;2000;;;;;831;
FK50 02;QUETIAPINA 25 MG;ANTISICOTICO;COMP;NU;590;;;CAJA;0;0;80;1899-12-30 00:00:00;1899-12-30 00:00:00;1000;;;;100;500;;;;;832;
FK50 03;QUETIAPINA 100 MG;ANTISICOTICO;COMP;NU;830;;;CAJA;0;0;120;1899-12-30 00:00:00;1899-12-30 00:00:00;1000;;;;100;500;;;;;833;
FF6001;BETAMETASONA 4 MG  X 1ML;CORTICOTERAPIA;AMP;NU;0;;;CAJA;0;0;350;1899-12-30 00:00:00;1899-12-30 00:00:00;100;;;;0;0;;;;;834;
FK50 04;CARBONATO DE LITIO 300 MGS;ANTISICOTICO;COMP;NU;0;;;CAJA;0;0;60;1899-12-30 00:00:00;1899-12-30 00:00:00;50;;;;5000;8000;;;;;835;
FK50 05;CARBONATO DE LITIO 400 MGS;ANTISICOTICO;COMP;NU;0;;;CAJA;0;0;400;1899-12-30 00:00:00;1899-12-30 00:00:00;50;;;;400;600;;;;;836;
FB90302;MIRTAZAPINA 30 MGS;ANTIDEPRESIVO;COMP;NU;1560;;7,80007E+14;CAJA;0;0;895;1899-12-30 00:00:00;1899-12-30 00:00:00;30;;;;60;300;;;;;837;
HI;HIPOLIPEMIANTE;NULL;NULL;NU;0;;NULL;NULL;0;0;0;1899-12-30 00:00:00;1899-12-30 00:00:00;0;;;;0;0;;;;;838;
FK50 08;RISPERIDONA 3 MGS;ANTISICOTICO;COMP;NU;700;;;CAJA;0;0;68;1899-12-30 00:00:00;1899-12-30 00:00:00;100;;;;1200;2000;;;;;839;
FK50 09;RISPERIDONA EN GOTAS SOLUCION ORAL;ANTISICOTICO;FCO;NU;27055;;;FCO;0;0;11711;1899-12-30 00:00:00;1899-12-30 00:00:00;1;;;;3;5;;;;;840;
FK52501;INVEGA  SUSTENNA 100 MGS;ANTISICOTICO;CAJA;NU;356990;;7,80511E+12;CAJA;0;0;0;1899-12-30 00:00:00;1899-12-30 00:00:00;1;;;;1;2;;;;;841;
UM00 02;TRATAMIENTO FLEBOTERAPIA INT 2 al 10;VITAMINOTERAPIA;UNID;;22000;;;UNID;0;0;0;1899-12-30 00:00:00;1899-12-30 00:00:00;0;;;;0;0;;;;;842;
FB4001;GENTAMICINA 80 MGS X 2 ML;ANTIBIOTERAPIA;AMP;NU;1175;;;CAJA;0;0;0;1899-12-30 00:00:00;1899-12-30 00:00:00;10;;;;10;20;;;;;843;
UM0A101;TRATAMIENTO DISULFIRAM INTRAMUSC;VITAMINOTERAPIA;UNID;NU;41835;;;UNID;0;0;0;1899-12-30 00:00:00;1899-12-30 00:00:00;1;;;;0;0;;;;;844;
UM0A102;TRATAMIENTO DE DEPOSITO RISPERD;VITAMINOTERAPIA;UNID;NU;20390;;;UNID;0;0;0;1899-12-30 00:00:00;1899-12-30 00:00:00;1;;;;0;0;;;;;845;
UM0A103;TRATAMIENTO  DEPOSITO CISORDINOL DEPOT;VITAMINOTERAPIA;UNID;NU;39390;;;UNID;0;0;0;1899-12-30 00:00:00;1899-12-30 00:00:00;1;;;;0;0;;;;;846;
UM0A105;TRATAMIENTO DEPOSITO FLUFENAZINA;VITAMINOTERAPIA;UNID;NU;8000;;;UNID;0;0;0;1899-12-30 00:00:00;1899-12-30 00:00:00;1;;;;0;0;;;;;847;
UM0A106;TRATAMIENTO DR SEPULVEDA;VITAMINOTERAPIA;UNID;NU;28697;;;UNID;0;0;0;1899-12-30 00:00:00;1899-12-30 00:00:00;1;;;;0;0;;;;;848;
UM00 01;TRATAMIENTO FLEBOTERAPIA INT1;VITAMINOTERAPIA;UNID;;28000;;;UNID;0;0;0;1899-12-30 00:00:00;1899-12-30 00:00:00;1;;;;0;0;;;;;849;
FD31901;VATANAL  SUPOSITORIOS  X 10 SUP;ANTIHEMORROIDAL;CAJA;NU;20000;;;CAJA;0;0;0;1899-12-30 00:00:00;1899-12-30 00:00:00;1;;;;0;0;;;;;850;
UM0A104;TRATAMIENTO DEPOSITO CISORDINOL ACUTARD;VITAMINOTERAPIA;UNID;NU;35750;;;UNID;0;0;0;1899-12-30 00:00:00;1899-12-30 00:00:00;1;;;;0;0;;;;;851;
FB78101;CODIGO DE PRUEBA (BORRAR);ANTICONCEPTIVO;COMP;NU;700;;;COMP;0;0;0;1899-12-30 00:00:00;1899-12-30 00:00:00;30;;;;0;0;;;;;852;
FH14204;DORMONID 15 MGS X  5 ML;HIPNOTICO;AMP;NU;4000;;;CAJA;0;0;0;1899-12-30 00:00:00;1899-12-30 00:00:00;5;;;;0;0;;;;;853;
FD22901;CODIGO DE PRUEBA2;ANTIACNE;COMP;NU;600;;;CAJA;0;0;0;1899-12-30 00:00:00;1899-12-30 00:00:00;30;;;;0;0;;;;;854;
FD49901;AMLODIPINO  10 MGS X 30 COMP;ANTIHIPERTENSIVO;COMP;NU;300;;7,80006E+12;CAJA;0;0;0;1899-12-30 00:00:00;1899-12-30 00:00:00;30;;;;100;400;;;;;855;
FD4P101;BISOPRIL 5 MGS X 30 COMP;ANTIHIPERTENSIVO;CAJA;NU;7290;;7,80005E+12;CAJA;0;0;0;1899-12-30 00:00:00;1899-12-30 00:00:00;30;;;;0;0;;;;;856;
UX2A101;CANULA  MAYO No 5;INSUMOS;UNID;NU;1200;;;UNID;0;0;0;1899-12-30 00:00:00;1899-12-30 00:00:00;1;;;;0;0;;;;;857;
UX2A102;CANULA MAYO No 6;INSUMOS;UNID;NU;1200;;;UNID;0;0;0;1899-12-30 00:00:00;1899-12-30 00:00:00;1;;;;0;0;;;;;858;
FF74501;CLORURO SODIO  10 % X 10 ML;ELECTROLITOTERAPIA;AMP;NU;450;;;CAJA;0;0;0;1899-12-30 00:00:00;1899-12-30 00:00:00;100;;;;100;200;;;;;859;
FF83601;D- HISTAPLUS  5 MGS  X 30 COMP;DESCONGESTIVANTE;CAJA;NU;1890;;;CAJA;0;0;0;1899-12-30 00:00:00;1899-12-30 00:00:00;30;;;;5;10;;;;;860;
FH34501;DOBUTAMINA 250 MGS  X 1 ML;HIPOTENSOR;AMP;NU;2100;;;CAJA;0;0;0;1899-12-30 00:00:00;1899-12-30 00:00:00;10;;;;2;1;;;;;861;
FR34501;DOPAMINA  200 MGS X  5 ML;SIMPATICOMIMETICO;AMP;NU;650;;;CAJA;0;0;0;1899-12-30 00:00:00;1899-12-30 00:00:00;10;;;;10;30;;;;;862;
FB34501;EPINEFRINA  1 MGS X 1 ML;ANTIASMATICO;AMP;NU;250;;;CAJA;0;0;0;1899-12-30 00:00:00;1899-12-30 00:00:00;100;;;;20;30;;;;;863;
UX20 05;FRASCOS    HUMIDIFICADORES;INSUMOS;FCO;NU;2500;;;FCO;0;0;0;1899-12-30 00:00:00;1899-12-30 00:00:00;1;;;;1;2;;;;;864;
FJ7001;GLUCONATO  CALCIO  10%  X 10 ML   AMP;SUPLEMENTO NUTRICIONAL;AMP;NU;600;;;CAJA;0;0;0;1899-12-30 00:00:00;1899-12-30 00:00:00;50;;;;10;30;;;;;865;
FJ94501;GLUCOSA  20 %  X 500 ML  MATRAZ;TERAPIA DE GLUCOSA;FCO;NU;980;;;CAJA;0;0;0;1899-12-30 00:00:00;1899-12-30 00:00:00;20;;;;20;30;;;;;866;
FF27301;KETOPROFENO   100 MGS  AMP;ANTIINFLAMATORIO;AMP;NU;345;;;CAJA;0;0;0;1899-12-30 00:00:00;1899-12-30 00:00:00;5;;;;20;30;;;;;867;
FE81303;LANZOPRAZOL  30 MGS  X 30 COMP;ANTIULCEROSO;CAJA;NU;4140;;;CAJA;0;0;0;1899-12-30 00:00:00;1899-12-30 00:00:00;30;;;;1;10;;;;;868;
FC63701;VIADIL  AMP 1 ML;ANTIESPASMODICO;AMP;NU;1062;;;CAJA;0;0;0;1899-12-30 00:00:00;1899-12-30 00:00:00;20;;;;10;40;;;;;869;
UC50 45;EX. HEMOGLOBINA GLICOSILADA;ANESTESICO;UNID;;6600;;;UNID;0;0;0;1899-12-30 00:00:00;1899-12-30 00:00:00;0;;;;0;0;;;;;870;
UC50 48;EX. HEMOGLUCOTEST;ANESTESICO;UNID;;1770;;;UNID;0;0;0;1899-12-30 00:00:00;1899-12-30 00:00:00;0;;;;0;0;;;;;871;
UAX0 05;EX. INSULINA BASAL;ANOREXIGENO;UNID;;7460;;;UNID;0;0;0;1899-12-30 00:00:00;1899-12-30 00:00:00;0;;;;0;0;;;;;872;
UAX0 09;EX. LDH TOTALES;ANOREXIGENO;UNID;;8210;;;UNID;0;0;0;1899-12-30 00:00:00;1899-12-30 00:00:00;0;;;;0;0;;;;;873;
UAX0 11;EX. LITIO;ANOREXIGENO;UNID;;12000;;;UNID;0;0;0;1899-12-30 00:00:00;1899-12-30 00:00:00;0;;;;0;0;;;;;874;
UAX0 15;EX. NITROGENO UREICO;ANOREXIGENO;UNID;;1900;;;UNID;0;0;0;1899-12-30 00:00:00;1899-12-30 00:00:00;0;;;;0;0;;;;;875;
UAX0 16;EX. ORINA COMPLETA;ANOREXIGENO;UNID;;2550;;;UNID;0;0;0;1899-12-30 00:00:00;1899-12-30 00:00:00;0;;;;0;0;;;;;876;
UAX0 18;EX. PERFIL BIOQUIMICO;ANOREXIGENO;UNID;;12260;;;UNID;0;0;0;1899-12-30 00:00:00;1899-12-30 00:00:00;0;;;;0;0;;;;;877;
UAX0 19;EX. PERFIL HEPATICO;ANOREXIGENO;UNID;;15230;;;UNID;0;0;0;1899-12-30 00:00:00;1899-12-30 00:00:00;0;;;;0;0;;;;;878;
UAX0 20;EX. PERFIL LIPIDICO;ANOREXIGENO;UNID;;9000;;;UNID;0;0;0;1899-12-30 00:00:00;1899-12-30 00:00:00;0;;;;0;0;;;;;879;
UAX0 21;EX. PROLACTINA;ANOREXIGENO;UNID;;7590;;;UNID;0;0;0;1899-12-30 00:00:00;1899-12-30 00:00:00;0;;;;0;0;;;;;880;
UAX0 22;EX. PROTEINA C REACTIVA;ANOREXIGENO;UNID;;8840;;;UNID;0;0;0;1899-12-30 00:00:00;1899-12-30 00:00:00;0;;;;0;0;;;;;881;
UAX0 23;EX. PROTEINA TOTALES;ANOREXIGENO;UNID;;2120;;;UNID;0;0;0;1899-12-30 00:00:00;1899-12-30 00:00:00;0;;;;0;0;;;;;882;
UAX0 28;EX. ROTAVIRUS;ANOREXIGENO;UNID;;7460;;;UNID;0;0;0;1899-12-30 00:00:00;1899-12-30 00:00:00;0;;;;0;0;;;;;883;
UAX0 29;EX. SEDIEMTO DE ORINA;ANOREXIGENO;UNID;;1550;;;UNID;0;0;0;1899-12-30 00:00:00;1899-12-30 00:00:00;0;;;;0;0;;;;;884;
UAX0 31;EX. TEST DE GRAHAM;ANOREXIGENO;UNID;;3050;;;UNID;0;0;0;1899-12-30 00:00:00;1899-12-30 00:00:00;0;;;;0;0;;;;;885;
UAX0 33;EX. TIEMPO DE PROTOMBINA;ANOREXIGENO;UNID;;2180;;;UNID;0;0;0;1899-12-30 00:00:00;1899-12-30 00:00:00;0;;;;0;0;;;;;886;
UAX0 38;EX. TOMA DE MUESTRA VENOSA;ANOREXIGENO;UNID;;1330;;;UNID;0;0;0;1899-12-30 00:00:00;1899-12-30 00:00:00;0;;;;0;0;;;;;887;
UAX0 40;EX. TRANSAMINASA GLUTAMICO GOT;ANOREXIGENO;UNID;;2640;;;UNID;0;0;0;1899-12-30 00:00:00;1899-12-30 00:00:00;0;;;;0;0;;;;;888;
UAX0 41;EX. TRANSAMINASA GLUTAMICO GPT;ANOREXIGENO;UNID;;2640;;;UNID;0;0;0;1899-12-30 00:00:00;1899-12-30 00:00:00;0;;;;0;0;;;;;889;
UAX0 43;EX. TRIGLICERIDOS;ANOREXIGENO;UNID;;2590;;;UNID;0;0;0;1899-12-30 00:00:00;1899-12-30 00:00:00;0;;;;0;0;;;;;890;
UAX0 49;EX. VIRUS HEPATITIS B AG SUPER;ANOREXIGENO;UNID;;11160;;;UNID;0;0;0;1899-12-30 00:00:00;1899-12-30 00:00:00;0;;;;0;0;;;;;891;
UAX0 50;EX. VIRUS HEPATITIS C ANTICUER;ANOREXIGENO;UNID;;11210;;;UNID;0;0;0;1899-12-30 00:00:00;1899-12-30 00:00:00;0;;;;0;0;;;;;892;
UAX0 51;EX. VITAMINA B12;ANOREXIGENO;UNID;;15960;;;UNID;0;0;0;1899-12-30 00:00:00;1899-12-30 00:00:00;0;;;;0;0;;;;;893;
UC50 53;EX. SUB-BETA HCG;ANESTESICO;UNID;;7180;;;UNID;0;0;0;1899-12-30 00:00:00;1899-12-30 00:00:00;0;;;;0;0;;;;;894;
UA30 24;EX. UC;ANALGESICO;UNID;;1;;;UNID;0;0;0;1899-12-30 00:00:00;1899-12-30 00:00:00;0;;;;0;0;;;;;895;
UD20 06;PELU DEPILACION;USO GENERAL;UNID;;3000;;;;0;0;0;1899-12-30 00:00:00;1899-12-30 00:00:00;0;;;;0;0;;;;;896;
UA60 05;TRASLADO PACIENTE AMBULANCIA;ANTIACIDO;UNID;;1;;;;0;0;0;1899-12-30 00:00:00;1899-12-30 00:00:00;0;;;;0;0;;;;;897;
UAX0 52;EX. CORTISOL SANGRE;ANOREXIGENO;UNID;;7410;;;UNID;0;0;0;1899-12-30 00:00:00;1899-12-30 00:00:00;0;;;;0;0;;;;;898;
FA50 04;CLORFENAMINA AMP 1 ML;ANTIALERGICO;AMP;;770;;;CAJA;14;0;8;1899-12-30 00:00:00;1899-12-30 00:00:00;100;;;;10;20;;;;;899;
FA50 05;HIDROCORTISONA 1 ML AMP;ANSIOLITICO;FCO;;770;;;FCO;0;0;2800;1899-12-30 00:00:00;1899-12-30 00:00:00;1;;;;0;0;;;;;900;
FA50 06;AMIODARONA AMP 150 MGS;ANTIARRITMICO;AMP;;805;;;CAJA;0;0;590;1899-12-30 00:00:00;1899-12-30 00:00:00;100;;;;15;40;;;;;901;
FA50 07;PROPANOLOL 1 MGS X 1ML AMP;ANTIARRITMICO;AMP;;1520;;;CAJA;0;0;850;1899-12-30 00:00:00;1899-12-30 00:00:00;10;;;;10;20;;;;;902;
FA50 08;BICARBONATO 8,4% X 10 ML;ANSIOLITICO;UNID;;540;;;CAJA;0;0;300;1899-12-30 00:00:00;1899-12-30 00:00:00;50;;;;5;10;;;;;903;
FA50 09;VERAPAMILO 5 MGS X 2 ML;ANTIARRITMICO;AMP;;1520;;;CAJA;0;0;850;1899-12-30 00:00:00;1899-12-30 00:00:00;10;;;;5;10;;;;;904;
FAX0 01;OSMOLITE;FORMULA ENTERAL;FCO;;6545;;;FCO;8;0;0;1899-12-30 00:00:00;1899-12-30 00:00:00;1;;;;0;0;;;;;905;
FA10 10;DUO TRAV COLIRIO;ANTIHIPERTENSIVO;FCO;;26145;;;FCO;1;0;20800;1899-12-30 00:00:00;1899-12-30 00:00:00;1;;;;0;0;;;;;906;
FR0001;MEMANTINA CLORIDRATO 10 MGS;TERAPIA DEL ALZHEIMER;CAJA;NU;44120;;;CAJA;0;0;28972;1899-12-30 00:00:00;1899-12-30 00:00:00;1;;;;10;15;;;;;907;
UAX0 53;BAJADA ABBOTT;ANOREXIGENO;UNID;;4000;;;;6;0;0;1899-12-30 00:00:00;1899-12-30 00:00:00;0;;;;0;0;;;;;908;
FA30 02;PREBB 500 MGS;ANTICONVULSIVANTE;COMP;;330;;;CAJA;470;0;212;1899-12-30 00:00:00;1899-12-30 00:00:00;100;;;;100;200;;;;;909;
F250 01;ACEPRAN GOTAS;ANSIOLITICO;FCO;;17000;;;FCO;0;0;0;1899-12-30 00:00:00;1899-12-30 00:00:00;1;;;;0;0;;;;;910;
FE20 01;AZITROMICINA 500 MGS;ANTIBIOTERAPIA;COMP;;500;;;CAJA;1;0;0;1899-12-30 00:00:00;1899-12-30 00:00:00;12;;;;0;0;;;;;911;
FB80 01;KETOPROFENO 100 MGS X 20 COMP;ANALGESICO;CAJA;;5300;;;CAJA;0;0;0;1899-12-30 00:00:00;1899-12-30 00:00:00;1;;;;0;0;;;;;912;
UL80 05;CONSULTA MEDICO AMBULATORIO;USO GENERAL;UNID;;80000;;;;0;0;0;1899-12-30 00:00:00;1899-12-30 00:00:00;0;;;;0;0;;;;;913;
UR70 04;INYECCION DISULFIRAN INTERNO;PROCEDIMIENTOS;UNID;;10000;;;;0;0;0;1899-12-30 00:00:00;1899-12-30 00:00:00;0;;;;0;0;;;;;914;
UR70 07;EX. H.I.V;PROCEDIMIENTOS;UNID;;7870;;;UNID;0;0;0;1899-12-30 00:00:00;1899-12-30 00:00:00;0;;;;0;0;;;;;915;
UR70 08;EX. LIPASA;PROCEDIMIENTOS;UNID;;4280;;;UNID;0;0;0;1899-12-30 00:00:00;1899-12-30 00:00:00;0;;;;0;0;;;;;916;
UR70 09;MAGNESIO;PROCEDIMIENTOS;UNID;;4110;;;;50;0;0;1899-12-30 00:00:00;1899-12-30 00:00:00;0;;;;0;0;;;;;917;
TR70 01;PROGESTERONA;PROCEDIMIENTOS;UNID;;7180;;;;0;0;0;1899-12-30 00:00:00;1899-12-30 00:00:00;0;;;;0;0;;;;;918;
UR70 10;ANTICUERPO ANTI-TIROIDES;PROCEDIMIENTOS;UNID;;8035;;;;0;0;0;1899-12-30 00:00:00;1899-12-30 00:00:00;0;;;;0;0;;;;;919;
UR70 11;ANTICUERPO ANTI DNA;PROCEDIMIENTOS;UNID;;10010;;;;0;0;0;1899-12-30 00:00:00;1899-12-30 00:00:00;0;;;;0;0;;;;;920;
UR70 12;ALFA FETO PROTEINA;PROCEDIMIENTOS;UNID;;7180;;;;0;0;0;1899-12-30 00:00:00;1899-12-30 00:00:00;0;;;;0;0;;;;;921;
UR70 13;EX. ELECTROCARDIOGRAMA;PROCEDIMIENTOS;UNID;;25000;;;UNID;0;0;0;1899-12-30 00:00:00;1899-12-30 00:00:00;0;;;;0;0;;;;;922;
FA10 11;VATANAL UNGUENTO;ANTIHEMORROIDAL;UNID;;15020;;;;1;0;0;1899-12-30 00:00:00;1899-12-30 00:00:00;0;;;;0;0;;;;;923;
FA20 01;RIZE 10 MGS X 30 COMP;ANSIOLITICO;CAJA;;31120;;;CAJA;5;0;0;1899-12-30 00:00:00;1899-12-30 00:00:00;1;;;;0;0;;;;;924;
UR70 14;EX. ESTROGENO;PROCEDIMIENTOS;UNID;;8000;;;UNID;0;0;0;1899-12-30 00:00:00;1899-12-30 00:00:00;0;;;;0;0;;;;;925;
UR70 15;EX. PROGESTERONA;PROCEDIMIENTOS;UNID;;7590;;;UNID;0;0;0;1899-12-30 00:00:00;1899-12-30 00:00:00;0;;;;0;0;;;;;926;
UR70 16;PROGRAMA SALUD;PROCEDIMIENTOS;UNID;;10;;;;0;0;0;1899-12-30 00:00:00;1899-12-30 00:00:00;0;;;;0;0;;;;;927;
UR70 17;EX. AAN-ANTIDNA;PROCEDIMIENTOS;UNID;;10580;;;UNID;0;0;0;1899-12-30 00:00:00;1899-12-30 00:00:00;0;;;;0;0;;;;;928;
UR70 18;EX. ANCA;PROCEDIMIENTOS;UNID;;15890;;;UNID;0;0;0;1899-12-30 00:00:00;1899-12-30 00:00:00;0;;;;0;0;;;;;929;
UR70 19;EX. ENA;PROCEDIMIENTOS;UNID;;49000;;;UNID;0;0;0;1899-12-30 00:00:00;1899-12-30 00:00:00;0;;;;0;0;;;;;930;
UR70 20;PROCEDIMIENTO TEST DE DROGA AM;PROCEDIMIENTOS;UNID;;15000;;;;0;0;0;1899-12-30 00:00:00;1899-12-30 00:00:00;0;;;;0;0;;;;;931;
FA10 12;PENICILINA  2000000 MILLONES;PENICILINOTERAPIA;FCO;;2500;;;FCO;11;0;0;1899-12-30 00:00:00;1899-12-30 00:00:00;1;;;;0;0;;;;;932;
FD20 02;MELOXICAM 15MG X 10 COMP.;ANTIACNE;UNID;;3000;;;;0;0;0;1899-12-30 00:00:00;1899-12-30 00:00:00;0;;;;0;0;;;;;933;
FAX0 02;LAGRIMAS ARTIFIACIALES;GOTAS OFTALMICAS;FCO;;12210;;;FCO;0;0;0;1899-12-30 00:00:00;1899-12-30 00:00:00;1;;;;0;0;;;;;934;
FB90303;VENLAFAXINA 75 MGS;ANTIDEPRESIVO;COMP;NU;760;;;CAJA;0;0;0;1899-12-30 00:00:00;1899-12-30 00:00:00;30;;;;500;1000;;;;;935;
FA50 10;ADASUVE 9,1 INHALADOR;ANTISICOTICO;FCO;;73500;;;FCO;3;0;50000;1899-12-30 00:00:00;1899-12-30 00:00:00;1;;;;1;3;;;;;936;
FA10 13;SALES REHIDRATACION;SUEROTERAPIA;UNID;;240;;;CAJA;200;0;0;1899-12-30 00:00:00;1899-12-30 00:00:00;1000;;;;0;0;;;;;937;
FF64801;OTICUM GOTAS;CORTICOTERAPIA;FCO;;13605;;;FCO;1;0;0;1899-12-30 00:00:00;1899-12-30 00:00:00;1;;;;0;0;;;;;938;
UR10 02;EX.ALFAFETOPROTEINA;OTROS NO AFECTOS A IVA;UNID;;7580;;;UNID;0;0;0;1899-12-30 00:00:00;1899-12-30 00:00:00;0;;;;0;0;;;;;939;
UR10 03;EX.INMUNOGLOBULINA I.G.A.;OTROS NO AFECTOS A IVA;UNID;;7820;;;UNID;0;0;0;1899-12-30 00:00:00;1899-12-30 00:00:00;0;;;;0;0;;;;;940;
UR10 04;EX.INMUNOGLOBULINA IGG;OTROS NO AFECTOS A IVA;UNID;;7820;;;UNID;0;0;0;1899-12-30 00:00:00;1899-12-30 00:00:00;0;;;;0;0;;;;;941;
UR10 05;EX.INMUNOGLOBULINA I.G TOTAL;OTROS NO AFECTOS A IVA;UNID;;7820;;;UNID;0;0;0;1899-12-30 00:00:00;1899-12-30 00:00:00;0;;;;0;0;;;;;942;
UR10 06;EX.INMUNOGLOBULINA I.G.M.;OTROS NO AFECTOS A IVA;UNID;;7820;;;UNID;0;0;0;1899-12-30 00:00:00;1899-12-30 00:00:00;0;;;;0;0;;;;;943;
UR10 07;EX.MAGNESIO SERICO;OTROS NO AFECTOS A IVA;UNID;;3555;;;UNID;0;0;0;1899-12-30 00:00:00;1899-12-30 00:00:00;0;;;;0;0;;;;;944;
FC50 02;PAROXETINA 20 MGS;ANTIDEPRESIVO;CAJA;;28050;;;CAJA;4;0;0;1899-12-30 00:00:00;1899-12-30 00:00:00;1;;;;0;0;;;;;945;
FA10 14;JEVITY 1000 ML;SOLUCION PARENTERAL;UNID;;6545;;;;16;0;0;1899-12-30 00:00:00;1899-12-30 00:00:00;0;;;;0;0;;;;;946;
UA10 84;JABON LIQUIDO;COSMETICOS;FCO;;2100;;;FCO;-8;0;1575;1899-12-30 00:00:00;1899-12-30 00:00:00;1;;;;0;0;;;;;947;
UR70 21;ECO.ABDOMINAL;PROCEDIMIENTOS;UNID;;26400;;;;1;0;0;1899-12-30 00:00:00;1899-12-30 00:00:00;0;;;;0;0;;;;;948;
FA30 03;DICLOFENACO 50 MGS;ANALGESICO;COMP;;25;;;CAJA;48;0;12;1899-12-30 00:00:00;1899-12-30 00:00:00;10;;;;100;300;;;;;949;
UR80 02;CANULA MAYO N 4;INSUMOS;UNID;;1100;;;UNID;30;0;300;1899-12-30 00:00:00;1899-12-30 00:00:00;1;;;;0;0;;;;;950;
FA60 01;DULOXETINA 60 MGS X 30 COMP;ANTIDEPRESIVO;CAJA;;26240;;;CAJA;2;0;0;1899-12-30 00:00:00;1899-12-30 00:00:00;1;;;;0;0;;;;;951;
UL80 06;ELECTROFORESIS PROTEINAS;USO GENERAL;UNID;;8680;;;;10;0;0;1899-12-30 00:00:00;1899-12-30 00:00:00;0;;;;0;0;;;;;952;
UL80 07;TESTOSTERONA;USO GENERAL;UNID;;6250;;;;10;0;0;1899-12-30 00:00:00;1899-12-30 00:00:00;0;;;;0;0;;;;;953;
FA60 02;GOTELY -DUO;ANTIACIDO;UNID;;71880;;;;0;0;0;1899-12-30 00:00:00;1899-12-30 00:00:00;0;;;;0;0;;;;;954;
FB00301;NITROGLICERINA 0,5 X 10 ML;VASODILATADOR;AMP;;5270;;;AMP;2;0;2850;1899-12-30 00:00:00;1899-12-30 00:00:00;1;;;;10;30;;;;;955;
FA58301;PROPANOLOL 1 MGS X 1 ML;ANSIOLITICO;UNID;;1520;;;;25;0;0;1899-12-30 00:00:00;1899-12-30 00:00:00;0;;;;0;0;;;;;956;
FC50 03;TIOPENTAL 500 MGS;ANESTESICO;FCO;;9945;;;CAJA;0;0;5000;1899-12-30 00:00:00;1899-12-30 00:00:00;50;;;;0;0;;;;;957;
UL80 08;PELU CORTE;USO GENERAL;UNID;;1;;;;20;0;0;1899-12-30 00:00:00;1899-12-30 00:00:00;0;;;;0;0;;;;;958;
UL80 09;PELU LIMPIEZA FACIAL PROFUNDA;USO GENERAL;UNID;;1;;;;20;0;0;1899-12-30 00:00:00;1899-12-30 00:00:00;0;;;;0;0;;;;;959;
FA10 15;DINOFLEX DUO 500/400;ACTIVADOR CEREBRAL;UNID;;28000;;;;1;0;0;1899-12-30 00:00:00;1899-12-30 00:00:00;0;;;;0;0;;;;;960;
FA10 16;NALERONA 50 MGS;ANTIALCOHOLICO;CAJA;;106500;;;CAJA;0;0;0;1899-12-30 00:00:00;1899-12-30 00:00:00;1;;;;0;0;;;;;961;
FA10 17;CEFADROXILO 500 MGS;ANTIBIOTICO;CAJA;;2925;;;CAJA;8;0;0;1899-12-30 00:00:00;1899-12-30 00:00:00;1;;;;0;0;;;;;962;
FA10 18;SOMNO XR 12,5 X 30 COMP;HIPNOTICO;CAJA;;45000;;;CAJA;4;0;0;1899-12-30 00:00:00;1899-12-30 00:00:00;1;;;;0;0;;;;;963;
FA30 04;GOTELY 0,4 MGS;ANALGESICO;CAJA;;20500;;;;0;0;0;1899-12-30 00:00:00;1899-12-30 00:00:00;0;;;;0;0;;;;;964;
UL80 10;EX. HIDROXICARCIFEROL VIT D;USO GENERAL;UNID;;28000;;;UNID;10;0;0;1899-12-30 00:00:00;1899-12-30 00:00:00;0;;;;0;0;;;;;965;
UL80 11;EX. ANTIG CARCINO EMBRIONARIOC;USO GENERAL;UNID;;10320;;;UNID;10;0;0;1899-12-30 00:00:00;1899-12-30 00:00:00;0;;;;0;0;;;;;966;
FAX6601;ENALAPRIL 20 MGS X 20 COMP;ANTIHIPERTENSIVO;COMP;;25;;;CAJA;10;0;0;1899-12-30 00:00:00;1899-12-30 00:00:00;0;;;;0;0;;;;;967;
UL80 12;EX. ALFA FETOPROTEINA;USO GENERAL;UNID;;7580;;;UNID;10;0;0;1899-12-30 00:00:00;1899-12-30 00:00:00;0;;;;0;0;;;;;968;
UL80 13;EX. HEPATITIS B;USO GENERAL;UNID;;7500;;;UNID;10;0;0;1899-12-30 00:00:00;1899-12-30 00:00:00;0;;;;0;0;;;;;969;
UL80 14;EX. HEPATITIS C;USO GENERAL;UNID;;11850;;;UNID;10;0;0;1899-12-30 00:00:00;1899-12-30 00:00:00;0;;;;0;0;;;;;970;
FA70401;BILAXIL FRASCO 400 GRS;REGULADOR DIGESTIVO;FCO;;36440;;;FCO;1;0;0;1899-12-30 00:00:00;1899-12-30 00:00:00;1;;;;0;0;;;;;971;
FK50 07;RISPERIDONA 1 MGS;ANTISICOTICO;COMP;NU;315;;;CAJA;0;0;49;1899-12-30 00:00:00;1899-12-30 00:00:00;1000;;;;100;300;;;;;972;
UL80 15;PELU MANICURE;USO GENERAL;UNID;;1;;;;10;0;0;1899-12-30 00:00:00;1899-12-30 00:00:00;0;;;;0;0;;;;;973;
UA10 85;CHATA PLASTICA;USO GENERAL;UNID;;12800;;;UNID;6;0;0;1899-12-30 00:00:00;1899-12-30 00:00:00;1;;;;0;0;;;;;974;
FC50 04;BION 3;VITAMINOTERAPIA;CAJA;;10995;;;CAJA;5;0;0;1899-12-30 00:00:00;1899-12-30 00:00:00;0;;;;0;0;;;;;975;
UL80 16;EX. GLUCOSA;USO GENERAL;UNID;;5692;;;UNID;10;0;0;1899-12-30 00:00:00;1899-12-30 00:00:00;0;;;;0;0;;;;;976;
UL80 17;EX. UC HEMOGLOBINA GLICOSILADA;USO GENERAL;UNID;;25911;;;UNID;10;0;0;1899-12-30 00:00:00;1899-12-30 00:00:00;0;;;;0;0;;;;;977;
UL80 18;EX. AEROBICO CORRIENTE CULTIVO;USO GENERAL;UNID;;11351;;;UNID;10;0;0;1899-12-30 00:00:00;1899-12-30 00:00:00;0;;;;0;0;;;;;978;
FA10 19;VATANAL SUPOSITORIOS X 10;ANTIHEMORROIDAL;CAJA;;20000;;;;3;0;0;1899-12-30 00:00:00;1899-12-30 00:00:00;0;;;;0;0;;;;;979;
FA10 20;TOL 12 COMP X 30 COM;ACTIVADOR CEREBRAL;UNID;;9500;;;;0;0;0;1899-12-30 00:00:00;1899-12-30 00:00:00;0;;;;0;0;;;;;980;
FA20 02;ESKALIT 450 MGS X 50 COM;ANTIMANIACO;CAJA;;39885;;;CAJA;1;0;0;1899-12-30 00:00:00;1899-12-30 00:00:00;1;;;;0;0;;;;;981;
UL80 19;PELU MASAJE RELAJACION;USO GENERAL;UNID;;1;;;;10;0;0;1899-12-30 00:00:00;1899-12-30 00:00:00;0;;;;0;0;;;;;982;
UL80 20;PELU PODOLOGIA;USO GENERAL;UNID;;1;;;;10;0;0;1899-12-30 00:00:00;1899-12-30 00:00:00;0;;;;0;0;;;;;983;
UL80 21;PELU TINTURA;USO GENERAL;UNID;;1;;;;10;0;0;1899-12-30 00:00:00;1899-12-30 00:00:00;0;;;;0;0;;;;;984;
UL80 22;PELU PEDICURE;USO GENERAL;UNID;;1;;;;10;0;0;1899-12-30 00:00:00;1899-12-30 00:00:00;0;;;;0;0;;;;;985;
UL80 23;PELU TINTURA 2;USO GENERAL;UNID;;1;;;;0;0;0;1899-12-30 00:00:00;1899-12-30 00:00:00;0;;;;0;0;;;;;986;
UL80 24;PELU TINTURA 3;USO GENERAL;UNID;;1;;;;0;0;0;1899-12-30 00:00:00;1899-12-30 00:00:00;0;;;;0;0;;;;;987;
UL80 25;PELU DEPILACION 2;USO GENERAL;UNID;;1;;;;0;0;0;1899-12-30 00:00:00;1899-12-30 00:00:00;0;;;;0;0;;;;;988;
UL80 26;PELU REBAJE;USO GENERAL;UNID;;1;;;;0;0;0;1899-12-30 00:00:00;1899-12-30 00:00:00;0;;;;0;0;;;;;989;
UL80 27;PELU VARIOS;USO GENERAL;UNID;;1;;;;10;0;0;1899-12-30 00:00:00;1899-12-30 00:00:00;0;;;;0;0;;;;;990;
UL80 28;VIDRIO 5MM;USO GENERAL;UNID;;64000;;;;0;0;0;1899-12-30 00:00:00;1899-12-30 00:00:00;0;;;;0;0;;;;;991;
UL80 29;COLCHON;USO GENERAL;UNID;;30000;;;;0;0;0;1899-12-30 00:00:00;1899-12-30 00:00:00;0;;;;0;0;;;;;992;
UL80 30;FRAZADA;USO GENERAL;UNID;;16990;;;;0;0;0;1899-12-30 00:00:00;1899-12-30 00:00:00;0;;;;0;0;;;;;993;
UL80 31;PELU VARIOS 2;USO GENERAL;UNID;;6000;;;;0;0;0;1899-12-30 00:00:00;1899-12-30 00:00:00;0;;;;0;0;;;;;994;
UL80 32;PELU VARIOS 3;USO GENERAL;UNID;;8000;;;UNID;0;0;0;1899-12-30 00:00:00;1899-12-30 00:00:00;1;;;;0;0;;;;;995;
UL80 33;PELU VARIOS 4;USO GENERAL;UNID;;4500;;;UNID;0;0;0;1899-12-30 00:00:00;1899-12-30 00:00:00;1;;;;0;0;;;;;996;
UL80 34;PELU VARIOS 5;USO GENERAL;UNID;;2000;;;UNID;0;0;0;1899-12-30 00:00:00;1899-12-30 00:00:00;1;;;;0;0;;;;;997;
UL80 35;PELU VARIOS 6;USO GENERAL;UNID;;3000;;;UNID;0;0;0;1899-12-30 00:00:00;1899-12-30 00:00:00;1;;;;0;0;;;;;998;
FA10 21;SEROQUEL XR 400 MG;ACTIVADOR CEREBRAL;CAJA;;166935;;;;1;0;0;1899-12-30 00:00:00;1899-12-30 00:00:00;0;;;;0;0;;;;;999;
UL80 36;EX. UC VITAMINA B12;USO GENERAL;UNID;;42947;;;UNID;0;0;0;1899-12-30 00:00:00;1899-12-30 00:00:00;0;;;;0;0;;;;;1000;
UL80 37;EX. UC NIVELES PLASMATICO ACID;USO GENERAL;UNID;;43515;;;UNID;0;0;0;1899-12-30 00:00:00;1899-12-30 00:00:00;0;;;;0;0;;;;;1001;
FA51308;LORAZEPAN 2 MGS;ANSIOLITICO;CAJA;;1500;;;CAJA;22;0;600;1899-12-30 00:00:00;1899-12-30 00:00:00;1;;;;30;100;;;;;1002;
FA10 22;CETAPHIL LOCION;ANTIACNE;FCO;;27358;;;;0;0;0;1899-12-30 00:00:00;1899-12-30 00:00:00;0;;;;0;0;;;;;1003;
FA10 23;CALMURID LOCION;ANTIACNE;FCO;;15458;;;;0;0;0;1899-12-30 00:00:00;1899-12-30 00:00:00;0;;;;0;0;;;;;1004;
FA10 24;VITAMINA E;VITAMINOTERAPIA;CAJA;;12435;;;CAJA;2;0;0;1899-12-30 00:00:00;1899-12-30 00:00:00;1;;;;0;0;;;;;1005;
FA10 25;DIGOXINA;CARDIOCIRCULATORIO;CAJA;;3555;;;CAJA;1;0;0;1899-12-30 00:00:00;1899-12-30 00:00:00;1;;;;0;0;;;;;1006;
FA10 26;CARDIOASPIRINA;ANTIPIRETICO;CAJA;;13485;;;;1;0;0;1899-12-30 00:00:00;1899-12-30 00:00:00;0;;;;0;0;;;;;1007;
FA10 27;DISULFIRAM INYECTABLE;ACTIVADOR CEREBRAL;FRASC;;29500;;;;0;0;0;1899-12-30 00:00:00;1899-12-30 00:00:00;0;;;;0;0;;;;;1008;
FA40 01;ENDULSANTE;TERAPIA DE GLUCOSA;FCO;;3500;;;FCO;0;0;0;1899-12-30 00:00:00;1899-12-30 00:00:00;1;;;;0;0;;;;;1009;
FA10 29;CEFAZOLINA 1 GR;ANTIBIOTICO;FCO;;723;;;FCO;18;0;0;1899-12-30 00:00:00;1899-12-30 00:00:00;1;;;;20;30;;;;;1010;
UL80 38;PELU VARIOS 8;USO GENERAL;UNID;;6000;;;UNID;0;0;0;1899-12-30 00:00:00;1899-12-30 00:00:00;1;;;;0;0;;;;;1011;
FS11901;VIADIL FORTE GOTAS;ANTIESPASMODICO;FCO;;4510;;;FCO;0;0;3300;1899-12-30 00:00:00;1899-12-30 00:00:00;1;;;;0;0;;;;;1012;
FAN0 01;HIDROCORTIZONA 20 MGS X 20 COM;CORTICOTERAPIA;CAJA;;3000;;;CAJA;3;0;0;1899-12-30 00:00:00;1899-12-30 00:00:00;1;;;;0;0;;;;;1013;
FA70 01;CLEXANE 40 MGS;ANTIAEROFAGICO;FCO;;22000;;;;6;0;0;1899-12-30 00:00:00;1899-12-30 00:00:00;0;;;;0;0;;;;;1014;
FA50 11;PLANIDEN 10 MGS;ANSIOLITICO;CAJA;;25000;;;CAJA;8;0;0;1899-12-30 00:00:00;1899-12-30 00:00:00;1;;;;0;0;;;;;1015;
FA10 30;TOPIRAMATO 50 MGS X 30 COMP;ANTIEPILEPTICO;CAJA;;70000;;;CAJA;3;0;0;1899-12-30 00:00:00;1899-12-30 00:00:00;1;;;;0;0;;;;;1016;
FS10 01;FLEMEX JAT;ANTITUSIVO;FCO;;12420;;;FCO;2;0;0;1899-12-30 00:00:00;1899-12-30 00:00:00;1;;;;0;0;;;;;1017;
FD64801;VALAXAM D 1650/5/12,5;ANTIHIPERTENSIVO;CAJA;;33000;;;CAJA;1;0;0;1899-12-30 00:00:00;1899-12-30 00:00:00;1;;;;0;0;;;;;1018;
UA90 02;ALCOHOL 250 ML;ANTISEPTICO;FCO;;930;;;CAJA;31;0;520;1899-12-30 00:00:00;1899-12-30 00:00:00;36;;;;0;0;;;;;1019;
UL80 39;EX. PSICOLOGICO;USO GENERAL;UNID;;100000;;;UNID;0;0;0;1899-12-30 00:00:00;1899-12-30 00:00:00;0;;;;0;0;;;;;1020;
FM96601;FISIOFER SOL 15 ML;ANTIANEMICO;CAJA;;39600;;;CAJA;1;0;0;1899-12-30 00:00:00;1899-12-30 00:00:00;1;;;;0;0;;;;;1021;
FA92001;FASARAX 20 MGS;ANTIALERGICO;CAJA;;3260;;;CAJA;3;0;0;1899-12-30 00:00:00;1899-12-30 00:00:00;1;;;;0;0;;;;;1022;
FA30403;ACTRON 400 MGS X 10 COMP;ANALGESICO;CAJA;;4372;;;;9;0;0;1899-12-30 00:00:00;1899-12-30 00:00:00;0;;;;0;0;;;;;1023;
FA12801;EUTEBROL  10 MGS;ACTIVADOR CEREBRAL;CAJA;;44120;;;;13;0;0;1899-12-30 00:00:00;1899-12-30 00:00:00;0;;;;0;0;;;;;1024;
FAN0 02;SULFATO QUININA 260 MGS;ANTIAGREGANTE PLAQUETARIO;FCO;;7965;;;;4;0;0;1899-12-30 00:00:00;1899-12-30 00:00:00;0;;;;0;0;;;;;1025;
FJ54501;BICARBONATO DE SODIO 500 ML;SUEROTERAPIA;FCO;NU;1800;;;CAJA;0;0;0;1899-12-30 00:00:00;1899-12-30 00:00:00;20;;;;0;0;;;;;1026;
FR10301;ACIDO VALPROICO 500MG;ANTIEPILEPTICO;COMP;;250;;;CAJA;3220;0;130;1899-12-30 00:00:00;1899-12-30 00:00:00;100;;;;1000;2500;;;;;1027;
FL80301;NITROFURANTOINA 100 MG;ANTISEPTICO;COMP;;40;;;CAJA;18;0;25;1899-12-30 00:00:00;1899-12-30 00:00:00;24;;;;0;0;;;;;1028;
FJ11301;CLOTRIMAZOL 1% 20 GR 1 CM;ANTIMICOTICO;TUB;;1200;;7,80001E+12;TUB;16;0;320;1899-12-30 00:00:00;1899-12-30 00:00:00;1;;;;20;50;;;;;1029;
FA30001;BERODUAL PUFF;ANTIASMATICO;FCO;;28105;;;FCO;3;0;10614;1899-12-30 00:00:00;1899-12-30 00:00:00;1;;;;0;0;;;;;1030;
FA31319;CLORFENAMINA 4 MG COMP.;ANTIALERGICO;COMP;;20;;;CAJA;279;0;430;1899-12-30 00:00:00;1899-12-30 00:00:00;20;;;;600;1000;;;;;1031;
FA35201;CINTAS ACCU-CHEK GLICEMIA;TERAPIA DE GLUCOSA;CAJA;;33000;;;CAJA;2;0;12560;1899-12-30 00:00:00;1899-12-30 00:00:00;1;;;;5;10;;;;;1032;
T000 01;SALA DE PROCEDIMIENTO;SIN ACCION FARMACOLOGICA;UNID;;33613;;;;0;0;0;1899-12-30 00:00:00;1899-12-30 00:00:00;0;;;;0;0;;;;;1033;
FF39901;SINOGAN 25MG;ANTISICOTICO;COMP;;1770;;;CAJA;520;0;761;1899-12-30 00:00:00;1899-12-30 00:00:00;20;;;;500;1000;;;;;1034;
FG09401;FUROSEMIDA;DIURETICO;COMP;;40;;;CAJA;164;0;12;1899-12-30 00:00:00;1899-12-30 00:00:00;12;;;;12;72;;;;;1035;
FA90301;LORATADINA 10MG;ANTIHISTAMINICO;COMP;;18;;;CAJA;470;0;7;1899-12-30 00:00:00;1899-12-30 00:00:00;20;;;;200;400;;;;;1036;
FM04801;AMLODIPINO 5 X 30;ANTIHIPERTENSIVO;COMP;;200;;;CAJA;150;0;0;1899-12-30 00:00:00;1899-12-30 00:00:00;30;;;;200;300;;;;;1037;
FC34701;LEPONEX 25 mgs x20 comp;ANTISICOTICO;CAJA;;15020;;;CAJA;1;0;0;1899-12-30 00:00:00;1899-12-30 00:00:00;1;;;;0;0;;;;;1038;
FM01310;pasta lasar 50gr;VITAMINOTERAPIA;pote;;1560;;;;2;0;0;1899-12-30 00:00:00;1899-12-30 00:00:00;0;;;;0;0;;;;;1039;
U000 06;BRANULA N`24;INSUMOS;UNID;;600;;;UNID;2;0;490;1899-12-30 00:00:00;1899-12-30 00:00:00;1;;;;100;300;;;;;1040;
FD41303;PROPANOLOL 40MG;ANTIHIPERTENSIVO;COMP;;60;;;CAJA;-41;0;9;1899-12-30 00:00:00;1899-12-30 00:00:00;20;;;;1000;1800;;;;;1041;
FC30301;DOMPERIDONA 10MG;ANTIEMETICO;COMP;;30;;;CAJA;60;0;15;1899-12-30 00:00:00;1899-12-30 00:00:00;20;;;;100;200;;;;;1042;
U000 11;SUERO FISIOLOGICO 1 LT;SIN ACCION FARMACOLOGICA;FRASC;;900;;;;2;0;0;1899-12-30 00:00:00;1899-12-30 00:00:00;0;;;;0;0;;;;;1043;
FJ50 02;RINGER LACTATO 500ML;SUEROTERAPIA;FCO;;900;;;CAJA;18;0;0;1899-12-30 00:00:00;1899-12-30 00:00:00;20;;;;0;0;;;;;1044;
TN48301;OXIGENO X CM3;OREXIGENO;TUBO;;31250;;;;9480;0;0;1899-12-30 00:00:00;1899-12-30 00:00:00;0;;;;0;0;;;;;1045;
FA51305;CLONAPAN 0.5MG X 30 COMP;ANSIOLITICO;CAJA;;3480;;;CAJA;43;0;570;1899-12-30 00:00:00;1899-12-30 00:00:00;1;;;;300;1000;;;;;1046;
U000 14;GUANTES N7  1/2;SIN ACCION FARMACOLOGICA;UNID;;300;;;CAJA;9;0;220;1899-12-30 00:00:00;1899-12-30 00:00:00;50;;;;0;0;;;;;1047;
U000 18;MARIPOSA N21;SIN ACCION FARMACOLOGICA;UNID;;500;;;UNID;329;0;132;1899-12-30 00:00:00;1899-12-30 00:00:00;1;;;;0;0;;;;;1048;
U000 19;MARIPOSA N23;SIN ACCION FARMACOLOGICA;UNID;;500;;;UNID;2;0;132;1899-12-30 00:00:00;1899-12-30 00:00:00;1;;;;0;0;;;;;1049;
U000 21;SONDA NASOGASTRICA;SIN ACCION FARMACOLOGICA;UNID;;1425;;;UNID;8;0;550;1899-12-30 00:00:00;1899-12-30 00:00:00;1;;;;0;0;;;;;1050;
U000 22;ONE TOUCH;INSUMOS;FCO;;13683;;4323149;FCO;4;0;0;1899-12-30 00:00:00;1899-12-30 00:00:00;1;;;;1;3;;;;;1051;
FL23101;LEVOTIROXINA 100 UG;TIROIDEOTERAPIA;COMP;;150;;;CAJA;465;0;74;1899-12-30 00:00:00;1899-12-30 00:00:00;100;;;;500;2000;;;;;1052;
FH60 01;CIRUELAX COMPRIMIDOS;LAXANTE;COMP;;200;;7,80351E+12;FCO;170;0;48;1899-12-30 00:00:00;1899-12-30 00:00:00;50;;;;300;700;;;;;1053;
FB51318;CLORANFENICOL SOL. OFT.;ANTIDEPRESIVO;FCO;;1700;;;FCO;0;0;1108;1899-12-30 00:00:00;1899-12-30 00:00:00;1;;;;0;0;;;;;1054;
FJ13401;CICLOBENZAPRINA 10MG;RELAJADOR MUSCULAR;COMP;;90;;;CAJA;380;0;12;1899-12-30 00:00:00;1899-12-30 00:00:00;20;;;;300;700;;;;;1055;
FH21302;ZOPICLONA 7.5 COMP;HIPNOTICO;CAJA;;3500;;;CAJA;17;0;2220;1899-12-30 00:00:00;1899-12-30 00:00:00;1;;;;10;30;;;;;1056;
FE20301;TRACELYTE 2 ML;VITAMINOTERAPIA;AMP;;2200;;1,78001E+13;CAJA;28;0;1100;1899-12-30 00:00:00;1899-12-30 00:00:00;5;;;;60;100;;;;;1057;
FB05001;FOLISANIN;ANTIANEMICO;COMP;;130;;;CAJA;30;0;61;1899-12-30 00:00:00;1899-12-30 00:00:00;20;;;;200;300;;;;;1058;
FA51306;CLONAZEPAN 2 MG;ANSIOLITICO;COMP;;90;;;CAJA;155;0;50;1899-12-30 00:00:00;1899-12-30 00:00:00;500;;;;500;10000;;;;;1059;
F122801;Cloruro potasio 10% x 10 ml;TERAPIA DE POTASIO;AMP;;400;;;CAJA;94;0;250;1899-12-30 00:00:00;1899-12-30 00:00:00;100;;;;100;200;;;;;1060;
FA51307;FENOBARBITAL 100MG X 10;ANTIEPILEPTICO;COMP;;3500;;;CAJA;47;0;0;1899-12-30 00:00:00;1899-12-30 00:00:00;1000;;;;0;0;;;;;1061;
FM41302;BETAMETASONA  CREMA;CORTICOSTEROIDE;TUB;;990;;;TUB;9;0;540;1899-12-30 00:00:00;1899-12-30 00:00:00;1;;;;10;30;;;;;1062;
F000 05;SULFATO FERROSO;SUPLEMENTO NUTRICIONAL;COMP;;40;;7,80001E+12;CAJA;517;0;13;1899-12-30 00:00:00;1899-12-30 00:00:00;20;;;;100;30;;;;;1063;
FA30404;CORTIGRIP;;COMP;NU;385;;;CAJA;0;0;0;1899-12-30 00:00:00;1899-12-30 00:00:00;20;;;;0;0;;;;;1064;
UA10 61;REPOSICION VIDRIO;ACTIVADOR CEREBRAL;UNID;;1;;;;0;0;0;1899-12-30 00:00:00;1899-12-30 00:00:00;0;;;;0;0;;;;;1065;
F253701;CORENTEL 2,5 MGS X 30 COM;ANTIHIPERTENSIVO;CAJA;;12525;;;CAJA;0;0;0;1899-12-30 00:00:00;1899-12-30 00:00:00;1;;;;0;0;;;;;1066;
FA10 07;ESCITALOPRAN 10 MGS X 30 COM;ANTIDEPRESIVO;CAJA;;5670;;7,80001E+12;CAJA;6;0;3600;1899-12-30 00:00:00;1899-12-30 00:00:00;1;;;;5;10;;;;;1067;
UL90 01;FILTRO ANTIBACTERIAL C/CONECTO;VASODILATADOR;UNID;;18750;;;;0;0;0;1899-12-30 00:00:00;1899-12-30 00:00:00;0;;;;0;0;;;;;1068;
UAX0 01;CONECTOR 8-9-10 CMT;ANOREXIGENO;UNID;;12495;;;;0;0;0;1899-12-30 00:00:00;1899-12-30 00:00:00;0;;;;0;0;;;;;1069;
UA10 62;FCO POLICARBONATO 1 LITRO;ACTIVADOR CEREBRAL;UNID;;58905;;;;0;0;0;1899-12-30 00:00:00;1899-12-30 00:00:00;0;;;;0;0;;;;;1070;
UA10 63;FCO POLICARBONATO 2 LITROS;ACTIVADOR CEREBRAL;UNID;;73185;;;;0;0;0;1899-12-30 00:00:00;1899-12-30 00:00:00;0;;;;0;0;;;;;1071;
UA10 64;SET DE MANGUERAS 6 X 10;ACTIVADOR CEREBRAL;UNID;;25883;;;;0;0;0;1899-12-30 00:00:00;1899-12-30 00:00:00;0;;;;0;0;;;;;1072;
FA10 08;DIPEMINA;FLEBOTONICO;CAJA;;53000;;;CAJA;0;0;0;1899-12-30 00:00:00;1899-12-30 00:00:00;1;;;;0;0;;;;;1073;
FA10 09;MUPIROCINA CREMA;ANTIBACTERIANO;TUB;;17770;;;TUB;1;0;0;1899-12-30 00:00:00;1899-12-30 00:00:00;1;;;;0;0;;;;;1074;
UA20 01;EX. CALCIO;ANABOLICO;UNID;;1960;;;UNID;0;0;0;1899-12-30 00:00:00;1899-12-30 00:00:00;0;;;;0;0;;;;;1075;
UA20 02;EX. CREATINQUINASA CK-MB;ANABOLICO;UNID;;7500;;;UNID;0;0;0;1899-12-30 00:00:00;1899-12-30 00:00:00;0;;;;0;0;;;;;1076;
UA20 03;EX. COLESTEROL TOTAL;ANABOLICO;UNID;;2000;;;UNID;0;0;0;1899-12-30 00:00:00;1899-12-30 00:00:00;0;;;;0;0;;;;;1077;
UA20 08;EX. FOSFATAS ALCALINAS;ANABOLICO;UNID;;2000;;;UNID;0;0;0;1899-12-30 00:00:00;1899-12-30 00:00:00;0;;;;0;0;;;;;1078;
UA40 01;EX. T3 LIBRE;ANOVULATORIO;UNID;;6600;;;UNID;0;0;0;1899-12-30 00:00:00;1899-12-30 00:00:00;0;;;;0;0;;;;;1079;
UA50 09;EX. ANFETAMINAS EN ORINA;ANSIOLITICO;UNID;;12310;;;UNID;0;0;0;1899-12-30 00:00:00;1899-12-30 00:00:00;0;;;;0;0;;;;;1080;
FD20 01;COTRIMOXAZOL FORTE;SULFATERAPIA;CAJA;;2400;;;CAJA;0;0;0;1899-12-30 00:00:00;1899-12-30 00:00:00;1;;;;0;0;;;;;1081;
FB30 01;NOVOTHYRAL X 30 COMP;ANTIASMATICO;UNID;;8100;;;;0;0;0;1899-12-30 00:00:00;1899-12-30 00:00:00;0;;;;0;0;;;;;1082;
FA50 03;CEBION 2000 X 10;VITAMINOTERAPIA;FCO;;5000;;;FCO;15;0;0;1899-12-30 00:00:00;1899-12-30 00:00:00;1;;;;0;0;;;;;1083;
FC50 01;ALCOHOL 500 ML;ANTISEPTICO;FCO;;1510;;;CAJA;1;0;850;1899-12-30 00:00:00;1899-12-30 00:00:00;36;;;;0;0;;;;;1084;
UA10 67;EX. CREATININA;ACTIVADOR CEREBRAL;UNID;;1900;;;UNID;0;0;0;1899-12-30 00:00:00;1899-12-30 00:00:00;0;;;;0;0;;;;;1085;
UD20 01;EX. HEMOGRAMAS Y VHS;ANTIACNE;UNID;;4340;;;UNID;1;0;0;1899-12-30 00:00:00;1899-12-30 00:00:00;0;;;;0;0;;;;;1086;
UA50 10;EX. TSH;ANSIOLITICO;UNID;;6600;;;UNID;0;0;0;1899-12-30 00:00:00;1899-12-30 00:00:00;0;;;;0;0;;;;;1087;
UA70 02;EX. T4 LIBRE;ANTIAEROFAGICO;UNID;;7580;;;UNID;0;0;0;1899-12-30 00:00:00;1899-12-30 00:00:00;0;;;;0;0;;;;;1088;
UA50 12;EX. TTPK;ANSIOLITICO;UNID;;3450;;;UNID;0;0;0;1899-12-30 00:00:00;1899-12-30 00:00:00;0;;;;0;0;;;;;1089;
UA40 03;EX. VDRL;ANOVULATORIO;UNID;;4430;;;UNID;0;0;0;1899-12-30 00:00:00;1899-12-30 00:00:00;0;;;;0;0;;;;;1090;
UA30 12;GUANTE / POSA OLLA;USO GENERAL;UNID;;399;;;UNID;0;0;50;1899-12-30 00:00:00;1899-12-30 00:00:00;1;;;;0;0;;;;;1091;
UA40 05;ALIMENTACION ESPECIAL;ANOVULATORIO;UNID;;50000;;;;10;0;0;1899-12-30 00:00:00;1899-12-30 00:00:00;0;;;;0;0;;;;;1092;
UAX0 03;EX. TEST DE DROGA COCAINA O.C;ANOREXIGENO;UNID;;12310;;;UNID;0;0;0;1899-12-30 00:00:00;1899-12-30 00:00:00;0;;;;0;0;;;;;1093;
UA60 02;EX. DROGRAS EN ORINA;ANTIACIDO;UNID;;12310;;;UNID;0;0;0;1899-12-30 00:00:00;1899-12-30 00:00:00;0;;;;0;0;;;;;1094;
UA40 07;MOVILIZACION Y TRASLADO;ANOVULATORIO;UNID;;20000;;;;10;0;0;1899-12-30 00:00:00;1899-12-30 00:00:00;0;;;;0;0;;;;;1095;
UA40 08;PELU BRUSCHING;USO GENERAL;UNID;;1;;;;100;0;0;1899-12-30 00:00:00;1899-12-30 00:00:00;0;;;;0;0;;;;;1096;
UA40 09;PELU MASAJE CAPILAR;USO GENERAL;UNID;;1;;;;0;0;0;1899-12-30 00:00:00;1899-12-30 00:00:00;0;;;;0;0;;;;;1097;
UA90 01;PELU LAVADO;USO GENERAL;UNID;;1;;;;0;0;0;1899-12-30 00:00:00;1899-12-30 00:00:00;0;;;;0;0;;;;;1098;
UC50 01;EX. HEMORRAGIAS OCULTAS;ANESTESICO;UNID;;2000;;;UNID;0;0;0;1899-12-30 00:00:00;1899-12-30 00:00:00;0;;;;0;0;;;;;1099;
UA30 13;EX. RECUENTO LEUCOCITOS FD;ANALGESICO;UNID;;3700;;;UNID;0;0;0;1899-12-30 00:00:00;1899-12-30 00:00:00;0;;;;0;0;;;;;1100;
UA30 14;MOVILIZACION;ANALGESICO;UNID;;50000;;;;0;0;0;1899-12-30 00:00:00;1899-12-30 00:00:00;0;;;;0;0;;;;;1101;
UL80 40;PELU VARIOS 8;USO GENERAL;UNID;NU;1;;;;0;0;0;1899-12-30 00:00:00;1899-12-30 00:00:00;0;;;;0;0;;;;;1102;
UA30 15;RETIRO DE CAJA;ANALGESICO;UNID;;10;;;;0;0;0;1899-12-30 00:00:00;1899-12-30 00:00:00;0;;;;0;0;;;;;1103;
UD20 03;EX LITIO U. CATOLICA;ANTIACNE;UNID;;10;;;UNID;0;0;0;1899-12-30 00:00:00;1899-12-30 00:00:00;0;;;;0;0;;;;;1104;
UA40 10;EX. T4;ANOVULATORIO;UNID;;6600;;;UNID;0;0;0;1899-12-30 00:00:00;1899-12-30 00:00:00;0;;;;0;0;;;;;1105;
UA30 16;EX. UROCULTIVO + ATB;ANALGESICO;UNID;;5500;;;UNID;0;0;0;1899-12-30 00:00:00;1899-12-30 00:00:00;0;;;;0;0;;;;;1106;
UB00 01;EX. T3;ANTIANEMICO;UNID;;6600;;;UNID;0;0;0;1899-12-30 00:00:00;1899-12-30 00:00:00;0;;;;0;0;;;;;1107;
UA50 14;EX. NIVELES A. VALPROICO;ANSIOLITICO;UNID;;8175;;;UNID;0;0;0;1899-12-30 00:00:00;1899-12-30 00:00:00;0;;;;0;0;;;;;1108;
UD20 05;EX. NIVELES CARBAMAZEPINA UC;ANTIACNE;UNID;;48970;;;UNID;0;0;0;1899-12-30 00:00:00;1899-12-30 00:00:00;0;;;;0;0;;;;;1109;
UA10 69;INYECCIONES DE DISULFIRAN AMB;ACTIVADOR CEREBRAL;UNID;;50000;;;;1;0;0;1899-12-30 00:00:00;1899-12-30 00:00:00;0;;;;0;0;;;;;1110;
FA30 01;XARELTO 10 X 10 COMP;ANTITROMBOTICO;CAJA;;43879;;;CAJA;0;0;0;1899-12-30 00:00:00;1899-12-30 00:00:00;1;;;;0;0;;;;;1111;
FH14801;SOMNO 10 MGS;HIPNOTICO;CAJA;;40000;;;CAJA;4;0;0;1899-12-30 00:00:00;1899-12-30 00:00:00;1;;;;0;0;;;;;1112;
UA10 70;EX. NIVELES DE CARBAMAZEPINA;ACTIVADOR CEREBRAL;UNID;;12320;;;UNID;0;0;0;1899-12-30 00:00:00;1899-12-30 00:00:00;0;;;;0;0;;;;;1113;
UA10 73;EX. BARBITURICOS EN ORINA;ACTIVADOR CEREBRAL;UNID;;12310;;;UNID;0;0;0;1899-12-30 00:00:00;1899-12-30 00:00:00;0;;;;0;0;;;;;1114;
UA10 75;EX. DIGOXINA;ACTIVADOR CEREBRAL;UNID;;8180;;;UNID;0;0;0;1899-12-30 00:00:00;1899-12-30 00:00:00;0;;;;0;0;;;;;1115;
UA10 76;EX. FENITOINA;ACTIVADOR CEREBRAL;UNID;;8180;;;UNID;0;0;0;1899-12-30 00:00:00;1899-12-30 00:00:00;0;;;;0;0;;;;;1116;
UA10 77;EX. FENOBARBITAL;ACTIVADOR CEREBRAL;UNID;;8180;;;UNID;0;0;0;1899-12-30 00:00:00;1899-12-30 00:00:00;0;;;;0;0;;;;;1117;
UA10 79;EX. ACIDO URICO;ACTIVADOR CEREBRAL;UNID;;2280;;;UNID;0;0;0;1899-12-30 00:00:00;1899-12-30 00:00:00;0;;;;0;0;;;;;1118;
UA10 81;EX. ALBUMINA;ACTIVADOR CEREBRAL;UNID;;2120;;;UNID;0;0;0;1899-12-30 00:00:00;1899-12-30 00:00:00;0;;;;0;0;;;;;1119;
UA10 83;EX. AMILASA;ACTIVADOR CEREBRAL;UNID;;3480;;;UNID;0;0;0;1899-12-30 00:00:00;1899-12-30 00:00:00;0;;;;0;0;;;;;1120;
UA30 17;EX. ANTIGENO PROSTATICO PSA.T;ANALGESICO;UNID;;13280;;;UNID;0;0;0;1899-12-30 00:00:00;1899-12-30 00:00:00;0;;;;0;0;;;;;1121;
UA30 18;EX. BILIRRUBINA DIRECTA;ANALGESICO;UNID;;2180;;;UNID;0;0;0;1899-12-30 00:00:00;1899-12-30 00:00:00;0;;;;0;0;;;;;1122;
UA30 20;EX. BILIRRUBINA INDIRECTA;ANALGESICO;UNID;;2180;;;UNID;0;0;0;1899-12-30 00:00:00;1899-12-30 00:00:00;0;;;;0;0;;;;;1123;
UA30 21;EX. BILIRRUBINA TOTAL;ANALGESICO;UNID;;1960;;;UNID;0;0;0;1899-12-30 00:00:00;1899-12-30 00:00:00;0;;;;0;0;;;;;1124;
UA30 22;EX. CALCIO;ANALGESICO;UNID;;1860;;;UNID;0;0;0;1899-12-30 00:00:00;1899-12-30 00:00:00;0;;;;0;0;;;;;1125;
UA30 23;EX. COLESTEROL HDL;ANALGESICO;UNID;;2930;;;UNID;0;0;0;1899-12-30 00:00:00;1899-12-30 00:00:00;0;;;;0;0;;;;;1126;
UC50 02;EX. COLESTEROL TOTAL;ANESTESICO;UNID;;2000;;;UNID;0;0;0;1899-12-30 00:00:00;1899-12-30 00:00:00;0;;;;0;0;;;;;1127;
UC50 03;EX. COPROCULTIVO;ANESTESICO;UNID;;6050;;;UNID;0;0;0;1899-12-30 00:00:00;1899-12-30 00:00:00;0;;;;0;0;;;;;1128;
UC50 04;EX. COPROPARASITOLOGICO SERIAD;ANESTESICO;UNID;;5760;;;UNID;0;0;0;1899-12-30 00:00:00;1899-12-30 00:00:00;0;;;;0;0;;;;;1129;
UC50 09;EX. CREATINQUINASA TOTAL CK;ANESTESICO;UNID;;5300;;;UNID;0;0;0;1899-12-30 00:00:00;1899-12-30 00:00:00;0;;;;0;0;;;;;1130;
UC50 25;EX. ELECTROLITOS PLASMATICOS;ANESTESICO;UNID;;5250;;;UNID;0;0;0;1899-12-30 00:00:00;1899-12-30 00:00:00;0;;;;0;0;;;;;1131;
UC50 29;EX. FACTOR REUMATODEO;ANESTESICO;UNID;;6730;;;UNID;0;0;0;1899-12-30 00:00:00;1899-12-30 00:00:00;0;;;;0;0;;;;;1132;
UC50 30;EX. FERREMIA;ANESTESICO;UNID;;3090;;;UNID;0;0;0;1899-12-30 00:00:00;1899-12-30 00:00:00;0;;;;0;0;;;;;1133;
UC50 31;EX. FERRITINA;ANESTESICO;UNID;;7900;;;UNID;0;0;0;1899-12-30 00:00:00;1899-12-30 00:00:00;0;;;;0;0;;;;;1134;
UC50 32;EX. FOSFATASAS ALCALINAS TOTAL;ANESTESICO;UNID;;1970;;;UNID;0;0;0;1899-12-30 00:00:00;1899-12-30 00:00:00;0;;;;0;0;;;;;1135;
UC50 34;EX. FOSFORO FOSFATOS;ANESTESICO;UNID;;2570;;;UNID;0;0;0;1899-12-30 00:00:00;1899-12-30 00:00:00;0;;;;0;0;;;;;1136;
UC50 35;EX. GAMA GLUTAMIL;ANESTESICO;UNID;;3200;;;UNID;0;0;0;1899-12-30 00:00:00;1899-12-30 00:00:00;0;;;;0;0;;;;;1137;
UC50 36;EX. GLICEMIA;ANESTESICO;UNID;;1870;;;UNID;0;0;0;1899-12-30 00:00:00;1899-12-30 00:00:00;0;;;;0;0;;;;;1138;
